,TM_manager_name,tenure1_overperformance,tenure1_above_expectation,tenure2_overperformance,tenure2_above_expectation,tenure3_overperformance,tenure3_above_expectation,tenure4_overperformance,tenure4_above_expectation,tenure5_overperformance,tenure5_above_expectation
0,Dick Advocaat,0,-0.2451450351626061,0.0,-0.32293135882108936,,,,,,
1,Sir Alex Ferguson,1,0.15942013499781016,,,,,,,,
2,Klaus Augenthaler,1,0.06874836830115472,0.0,-0.3085817059384939,,,,,,
3,Jörg Berger,0,-0.09371003540906253,,,,,,,,
4,Rudi Bommer,0,-0.24364971487910558,,,,,,,,
5,Christoph Daum,0,-0.03155503438871121,,,,,,,,
6,Volker Finke,0,-0.5911150166668416,,,,,,,,
7,Friedhelm Funkel,0,-0.09468409553579549,0.0,-0.4146248539579719,0.0,-0.005050864343463246,,,,
8,Falko Götz,0,-0.004881973884112822,,,,,,,,
9,Jupp Heynckes,0,-0.48125767962323684,1.0,0.2829192360615205,1.0,0.1499542916891392,1.0,0.15756839583223714,,
10,Ottmar Hitzfeld,0,-0.01349919857844295,,,,,,,,
11,Kurt Jara,1,0.010208994064120791,,,,,,,,
12,Jürgen Klopp,1,0.046940009567273844,1.0,0.17481519251631794,1.0,0.3099864884933963,,,,
13,Horst Köppel,0,-0.044109708806649106,,,,,,,,
14,Ewald Lienen,0,-0.04151266836149703,,,,,,,,
15,Felix Magath,1,0.1339913575763516,1.0,0.4565472895837648,1.0,0.09465629040071422,0.0,-0.24924461951434318,,
16,Norbert Meier,0,-0.39614874075726625,0.0,-0.15570711156768424,,,,,,
17,Peter Neururer,0,-0.2082385762961394,0.0,-0.30447967075574267,,,,,,
18,Martin O'Neill,1,0.21664245555677564,0.0,-0.015770184714757995,,,,,,
19,Frank Pagelsdorf,0,-0.09677434225789361,,,,,,,,
20,Ralf Rangnick,1,0.4931645205017807,1.0,0.15840152010525066,1.0,0.3579889637725131,,,,
21,Uwe Rapolder,1,0.07389515344469944,0.0,-0.5034443874466105,,,,,,
22,Bryan Robson,0,-0.20705282158663207,,,,,,,,
23,Guy Roux,1,0.03968601631542246,,,,,,,,
24,Matthias Sammer,1,0.05747821736590519,,,,,,,,
25,Thomas Schaaf,0,-0.014210433537318767,1.0,0.034739646579770245,,,,,,
26,Jean Tigana,0,-0.30642714144043226,,,,,,,,
27,Giovanni Trapattoni,0,-0.31561781768180297,,,,,,,,
28,Armin Veh,1,0.099662021747146,0.0,-0.4180091044786314,0.0,-0.2099176627639745,1.0,0.06980887739671604,0.0,-0.3281266188100864
29,Arsène Wenger,1,0.016963496524909694,,,,,,,,
30,Wolfgang Wolf,0,-0.027314422789447623,0.0,-0.12251608374372869,,,,,,
31,Huub Stevens,1,0.2249580078509661,1.0,0.13608038533693745,0.0,-0.04492598410069637,,,,
32,Eric Gerets,0,-0.13808072910396074,1.0,0.2894573105582374,,,,,,
33,Hans Meyer,1,0.07273374801665611,0.0,-0.1317125257224101,,,,,,
34,Dieter Hecking,1,0.06336377210534594,1.0,0.1333749944693816,1.0,0.0167152074801471,1.0,0.14018556599441667,,
35,Ernst Middendorp,1,0.12353240033468316,,,,,,,,
36,Marcus Sorg,0,-0.44733061349213865,,,,,,,,
37,Thomas Doll,1,0.14984964482261853,0.0,-0.11555064146420868,,,,,,
38,Ronald Koeman,0,-1.0552879249819713,1.0,0.3818685030821618,0.0,-0.053620580349677205,,,,
39,Sam Allardyce,1,0.2930512414978621,0.0,-0.22489185439691806,1.0,0.14052785031689918,1.0,0.08990733075934698,1.0,0.07240596523484699
40,David O'Leary,0,-0.10388992054873936,,,,,,,,
41,Steve Bruce,0,-0.2244422621931237,1.0,0.14187010719272242,0.0,-0.015466919349012898,0.0,-0.0342194302991885,,
42,Harry Redknapp,0,-0.18942517990097085,1.0,0.18230073842143413,1.0,0.08129421295660189,0.0,-0.45436964144293845,,
43,Graeme Souness,0,-0.27834985108471244,,,,,,,,
44,David Moyes,1,0.18925207841477776,0.0,-0.38076281279271895,0.0,-0.2475976785156444,0.0,-0.4883848238987898,0.0,-0.09990187217801072
45,Chris Coleman,0,-0.08280709150057342,,,,,,,,
46,Kevin Keegan,1,0.009891462650642335,0.0,-0.12811788690347914,,,,,,
47,Claudio Ranieri,0,-0.2601989285115518,1.0,0.3638905249070199,0.0,-0.08209657363279987,1.0,0.0993957534235157,0.0,-0.5658331257667608
48,Steve McClaren,0,-0.09095009496756745,0.0,-0.5201554053604058,0.0,-0.3557396370363136,,,,
49,Gérard Houllier,1,0.09700412522630097,0.0,-0.24348030977061752,,,,,,
50,Martin Jol,1,0.07991237283500241,1.0,0.29863451864902846,0.0,-0.13893513245798772,,,,
51,Bert van Marwijk,0,-0.09099418129584569,0.0,-0.47697128876146344,,,,,,
52,Giuseppe Papadopulo,0,-0.20299281072144382,1.0,0.462316969924895,0.0,-0.0065060564050583025,,,,
53,Walter Novellino,1,0.03235827615977804,0.0,-0.3362882328563106,,,,,,
54,Delio Rossi,1,0.031086992140854086,1.0,0.06113686444561761,1.0,0.3299390452148381,0.0,-0.2975571069774958,0.0,-0.012587276521611512
55,Luciano Spalletti,1,0.5350876100913411,1.0,0.03152114613775536,1.0,0.5166364106899533,1.0,0.15536333028577243,,
56,Fabio Capello,1,0.09983327338678194,0.0,-0.0766829916522509,,,,,,
57,Franco Colomba,1,0.07567153481568822,1.0,0.18714580589005436,1.0,0.1699808782266634,,,,
58,Serse Cosmi,0,-0.08470458907333556,0.0,-0.006652896265968655,1.0,0.16378059861747607,0.0,-0.12159447321814643,,
59,Cesare Prandelli,1,0.18606932078158644,,,,,,,,
60,Alberto Malesani,0,-0.13470284119764986,0.0,-0.23263229773911576,1.0,0.0357092777121053,1.0,0.1555376647415112,1.0,0.021391425292566657
61,Carlo Ancelotti,0,-0.26475964276263797,0.0,-0.09378769856363212,1.0,0.014238348700989611,1.0,0.028608218786582817,0.0,-0.06085712750823635
62,Roberto Mancini,1,0.033746688904889854,1.0,0.029249158694258703,0.0,-0.027427736577886108,,,,
63,Héctor Cúper,0,-0.20973250138096522,,,,,,,,
64,Silvio Baldini,0,-0.45338426101243234,0.0,-0.4421822166322058,0.0,-0.12861577964578197,,,,
65,Luigi Delneri,0,-0.39073616712242565,1.0,0.042522764906987254,0.0,-0.06919116310209716,1.0,0.07586909797621577,1.0,0.35640721270569165
66,Giovanni De Biasi,0,-0.25134350429082797,0.0,-0.33163549038009765,0.0,-0.2468161327768167,,,,
67,Francesco Guidolin,1,0.2642513398207098,0.0,-0.2839561996055935,1.0,0.0022067330096571247,0.0,-0.3472453231279846,1.0,0.34072911218475843
68,Marcel Koller,0,-0.04537975053118637,,,,,,,,
69,Christian Gross,1,0.2548774401182612,,,,,,,,
70,Lucien Favre,1,0.12246113870955821,1.0,0.31278010975108916,1.0,0.22533767059387166,1.0,0.84068252558544,,
71,Hanspeter Latour,0,-0.18484379466150713,,,,,,,,
72,Michael Laudrup,0,-0.06251324213726717,0.0,-0.05500681322841294,1.0,0.02452729978560475,,,,
73,Bernd Schuster,0,-0.31231924143777334,1.0,0.16652393097489626,1.0,0.12912678372533692,0.0,-0.11052688828872315,,
74,Holger Fach,0,-0.34577150883604113,,,,,,,,
75,Frank Rijkaard,0,-0.005556425587391001,,,,,,,,
76,Petrik Sander,1,0.0848278061541673,,,,,,,,
77,Andreas Bergmann,0,-0.14837477233441487,,,,,,,,
78,Bruno Labbadia,0,-0.014970540090622375,0.0,-0.07401670605950628,1.0,0.032140950005270286,0.0,-0.07373294322235613,0.0,-0.08271591225200026
79,Mick McCarthy,0,-0.6226172324717878,0.0,-0.0037644943855105195,,,,,,
80,Gary Megson,0,-0.07825051878790279,,,,,,,,
81,Paul Hart,0,-0.32676141715150453,,,,,,,,
82,Nigel Worthington,0,-0.17188343607943235,,,,,,,,
83,Paul Jewell,1,0.1321616873622331,0.0,-0.6759743667482632,,,,,,
84,Tony Pulis,1,0.09452922784505713,1.0,0.5803367643580609,1.0,0.03890800263938754,,,,
85,Gregorio Manzano,0,-0.32623983262812495,1.0,0.297589951015129,0.0,-0.166702555124153,0.0,-0.5287553849773508,1.0,0.001033483757645115
86,Alberto Zaccheroni,0,-0.4088614421067981,0.0,-0.7666471291530683,,,,,,
87,Miguel Ángel Lotina,1,0.052456986715556875,0.0,-0.01906568901374217,1.0,0.029000913490388358,,,,
88,Víctor Fernández,0,-0.0069281433470320675,0.0,-0.22738746771703144,,,,,,
89,Alex McLeish,1,0.007849244407239997,0.0,-0.21859600329916828,,,,,,
90,Steve Coppell,1,0.1558913724998492,,,,,,,,
91,Michael Skibbe,1,0.029242395218489037,1.0,0.022925387214370208,,,,,,
92,Jos Luhukay,0,-0.6713693805922464,1.0,0.07185255638677757,0.0,-0.06678868207213129,,,,
93,Mirko Slomka,1,0.2607480838753091,1.0,0.12263974653195375,0.0,-0.5415986598154425,,,,
94,Tony Adams,0,-0.6654924691882534,,,,,,,,
95,Ariel Jacobs,0,-0.27512459076817364,,,,,,,,
96,Edmund Becker,0,-0.05521062713150915,,,,,,,,
97,Maik Walpurgis,1,0.1883617461287852,,,,,,,,
98,José Antonio Camacho,0,-0.035185118888024114,,,,,,,,
99,José Mourinho,1,0.24659379262990777,1.0,0.04899238501481884,1.0,0.1107250388256027,0.0,-0.072431812637479,0.0,-0.011424260124122121
100,Eusebio,1,0.11225263744500236,1.0,0.12554132312931632,,,,,,
101,Juan Carlos Unzué,0,-0.008051040323928671,,,,,,,,
102,Gernot Rohr,0,-0.09305142180190273,,,,,,,,
103,Sascha Lewandowski,1,0.4467598476686687,,,,,,,,
104,Michael Oenning,0,-0.3532433214710401,,,,,,,,
105,Alan Curbishley,1,0.00324647679932899,1.0,0.037182137885323874,,,,,,
106,Thomas von Heesen,0,-0.04226875377640149,0.0,-0.4031628842035251,,,,,,
107,Robin Dutt,1,0.1241689072071488,0.0,-0.125736875546699,0.0,-0.20450676938397638,,,,
108,Luiz Felipe Scolari,0,-0.22467643163746498,,,,,,,,
109,Sven-Göran Eriksson,1,0.17710809839928898,,,,,,,,
110,Albert Cartier,0,-0.2866212812896285,,,,,,,,
111,Zdenek Zeman,1,0.13405453099630749,1.0,0.11510590189437031,0.0,-0.3277253497777457,,,,
112,Antoine Kombouaré,1,0.03358205790283808,0.0,-0.10304362051105653,0.0,-0.2907919463363299,0.0,-0.05085228636975181,,
113,Loïc Amisse,0,-0.4023192012104403,,,,,,,,
114,José Anigo,0,-0.08524510665862484,,,,,,,,
115,László Bölöni,1,0.035594321881878166,0.0,-0.19942824872192166,,,,,,
116,François Ciccolini,0,-0.3721201279707338,0.0,-0.007850005728737841,,,,,,
117,Didier Deschamps,0,-0.20378915020296584,0.0,-0.15707221744568312,,,,,,
118,Jean Fernandez,1,0.012945452501448962,1.0,0.08876364303031448,0.0,-0.15580121554248838,0.0,-0.4049099524849651,,
119,Vahid Halilhodzic,0,-0.42600455006855054,,,,,,,,
120,Daniel Jeandupeux,0,-0.39075679454694234,,,,,,,,
121,Guy Lacombe,1,0.04919036735019344,0.0,-0.6592555438699295,1.0,0.23256702287385678,0.0,-0.06955917063048211,,
122,Paul Le Guen,1,0.2253794392658588,0.0,-0.16498808021501232,,,,,,
123,Joël Muller,0,-0.31245226361630096,0.0,-0.45388320156877027,,,,,,
124,Michel Pavon,0,-0.35783029850207826,,,,,,,,
125,Yvon Pouliquen,0,-0.23098923371628877,,,,,,,,
126,Claude Puel,1,0.2343770894651005,0.0,-0.19856332690149348,1.0,0.2011175695704528,1.0,0.008996585375632193,1.0,0.06268021852891859
127,Erick Mombaerts,0,-0.06341920640551102,,,,,,,,
128,Michael Frontzeck,0,-0.05079792095255553,0.0,-0.2299715126495615,0.0,-0.22177142652752668,0.0,-0.1676381689770461,,
129,Peter Bosz,0,-0.4694113347657889,,,,,,,,
130,Andries Jonker,0,-0.35020508364460357,,,,,,,,
131,Gertjan Verbeek,0,-0.2547782764737584,,,,,,,,
132,Élie Baup,1,0.09044451567633738,0.0,-0.02354051921618039,0.0,-0.1882985395564365,1.0,0.15662016104735121,,
133,Andrea Mandorlini,1,0.13580237415442942,,,,,,,,
134,Bortolo Mutti,1,0.0710585125225145,0.0,-0.1175463584140255,0.0,-0.4250748030600986,,,,
135,Vladimir Petkovic,0,-0.12839522258663938,,,,,,,,
136,Brendan Rodgers,1,0.34485075789350317,1.0,0.08792618988405687,,,,,,
137,Jürgen Klinsmann,0,-0.3239799416340834,,,,,,,,
138,Mehmed Bazdarevic,0,-0.4364319506781831,0.0,-0.23816659036114118,0.0,-0.4724750769278159,,,,
139,Patrick Remy,0,-0.05294616792243545,,,,,,,,
140,Domenico Caso,0,-0.43586499340667473,,,,,,,,
141,Rafael Benítez,1,0.04532619983349151,0.0,-0.5956164809949638,0.0,-0.026546669662583344,1.0,0.10267587752664609,0.0,-0.26905489991217735
142,Ian Holloway,1,0.20686694103011893,,,,,,,,
143,Neil Warnock,0,-0.06965258174456324,0.0,-0.1888133337380603,0.0,-0.1175060410300115,0.0,-0.010714400448725625,,
144,Pablo Correa,1,0.13928957337221504,1.0,0.10568090753740211,0.0,-0.1573714695573818,,,,
145,Rudi Garcia,1,0.18789820194209206,1.0,0.21808767556504782,1.0,0.22074350320287306,1.0,0.2629725007626371,,
146,Christian Gourcuff,1,0.11228037482017061,0.0,-0.07180474793742464,,,,,,
147,Faruk Hadzibegic,0,-0.4792319530529382,,,,,,,,
148,Philippe Hinschberger,0,-0.13128017560971317,,,,,,,,
149,Javier Aguirre,1,0.37019917906800326,1.0,0.014802294762653379,0.0,-0.028866696345230647,1.0,0.03655303946797872,,
150,Lucas Alcaraz,0,-0.09655159604224028,0.0,-0.16755520606851437,0.0,-0.24300904237569187,1.0,0.014539912162646607,0.0,-0.21840020477136013
151,Joaquín Caparrós,1,0.28111988311837655,0.0,-0.12681093514896857,1.0,0.15381162377665203,1.0,0.019452254024096227,1.0,0.10690834781080238
152,César Ferrando,0,-0.20756579274531095,,,,,,,,
153,Lorenzo Serra Ferrer,0,-0.10274531860614755,,,,,,,,
154,Quique Sánchez Flores,1,0.08345639591294729,0.0,-0.06083445787334285,0.0,-0.27608316003484257,1.0,0.11077982877061143,1.0,0.03798085930351225
155,José González,0,-0.12794931085560002,0.0,-0.6734301730479673,,,,,,
156,Javier Irureta,0,-0.3482373409818118,0.0,-0.46576768649746403,,,,,,
157,Manuel Pellegrini,1,0.24224191906073544,1.0,0.3493594105778288,1.0,0.08958049582080996,0.0,-0.1323174141179022,1.0,0.051445558591834306
158,Ernesto Valverde,1,0.02224850906864928,0.0,-0.05055036440567329,0.0,-0.31507191204393004,1.0,0.21572290633030922,1.0,0.12200361347850341
159,Tony Mowbray,0,-0.06873760269361084,,,,,,,,
160,Carlos Carvalhal,1,0.025950999314358736,,,,,,,,
161,Iain Dowie,0,-0.11048773733682182,,,,,,,,
162,Jacky Duguépéroux,0,-0.06820166828217533,,,,,,,,
163,Mark Hughes,1,0.16621968438925783,0.0,-0.22750279970290088,0.0,-0.02053236800819036,0.0,-0.32811331185253345,1.0,0.041699515321683034
164,Jacques Santini,1,0.18831607659970118,,,,,,,,
165,Peter Stöger,0,-0.009243253047393818,0.0,-0.22293397417484617,,,,,,
166,Alan Irvine,0,-0.29776511115213833,,,,,,,,
167,Phil Brown,0,-0.04847423924355598,,,,,,,,
168,André Villas-Boas,0,-0.5164214986239433,1.0,0.10660209930457953,,,,,,
169,Steve Kean,0,-0.27050123088188904,,,,,,,,
170,Roy Hodgson,1,0.12337326141564842,0.0,-0.5566765785474339,1.0,0.2974275322734845,1.0,0.06285416369170349,,
171,Walter Zenga,1,0.046305495299094,1.0,0.08962915243006842,,,,,,
172,Rolland Courbis,0,-0.057008023861705004,1.0,0.0526333586898331,0.0,-0.2048701387113121,,,,
173,Dominique Bijotat,0,-0.15132051627497356,,,,,,,,
174,Máximo Hernández,0,-0.06905822554343577,,,,,,,,
175,Albert Emon,0,-0.10087942725226262,0.0,-0.1130200507089616,0.0,-0.08786536723632588,,,,
176,Fred Rutten,0,-0.25251532651782393,,,,,,,,
177,Marco Pezzaiuoli,0,-0.35796874152609726,,,,,,,,
178,Mario Beretta,0,-0.13865389523054472,0.0,-0.0564083402683464,0.0,-0.2360403064784058,1.0,0.2748865034769077,0.0,-0.1580888459004539
179,Carlo Mazzone,0,-0.07949211913716181,0.0,-0.29346826451892805,,,,,,
180,Walter Mazzarri,1,0.10025999839911215,1.0,0.06602587440829844,1.0,0.19300221723448452,0.0,-0.07388224648671637,0.0,-0.11191230375501093
181,Daniele Arrigoni,1,0.11046988087990162,0.0,-0.0574528052508001,,,,,,
182,Pietro Carmignani,1,0.12807163670251498,,,,,,,,
183,Joe Kinnear,0,-0.19715059806922963,,,,,,,,
184,Vanderlei Luxemburgo,0,-0.055708694967052885,,,,,,,,
185,Stefan Ruthenbeck,0,-0.3383909372601659,,,,,,,,
186,Serge Le Dizet,0,-0.16376718158519443,,,,,,,,
187,Alan Pardew,1,0.1297703018303631,0.0,-0.020939178746149256,1.0,0.03802600650186161,1.0,0.09274720001471781,0.0,-0.6902629987367932
188,Jean-Louis Gasset,0,-0.27422492483464933,1.0,0.3863863763381179,,,,,,
189,Xavier Gravelaine,0,-0.05968152097648893,,,,,,,,
190,Luigi De Canio,0,-0.11039066118303942,1.0,0.017101064770324026,,,,,,
191,Louis van Gaal,0,-0.1379006967188683,0.0,-0.10546305952692325,,,,,,
192,Chuchi Cos,0,-0.31054785887361824,,,,,,,,
193,Francis Gillot,1,0.09470809984755135,1.0,0.08606003019082986,1.0,0.06444675482598483,,,,
194,Roberto Donadoni,1,0.37384458899844075,0.0,-0.3374344411443486,1.0,0.10308772355888496,1.0,0.025870798776203463,0.0,-0.05180682534169612
195,Viktor Skripnik,1,0.05015097402560831,,,,,,,,
196,Dino Zoff,0,-0.6851913285692244,,,,,,,,
197,Laurent Fournier,0,-0.08852909990687374,0.0,-0.4495935810997739,,,,,,
198,Alberto Cavasin,1,0.2640693465194397,0.0,-0.452372215819264,,,,,,
199,Stuart Pearce,0,-0.13696693533318682,,,,,,,,
200,Fabrizio Castori,1,0.17666082443564535,,,,,,,,
201,Stefano Colantuono,1,0.23354204946558332,0.0,-0.0023524084934951617,0.0,-0.16514902176518453,,,,
202,Massimo Ficcadenti,1,0.14682324227932642,0.0,-0.4135514744198818,,,,,,
203,Giuseppe Iachini,0,-0.10626571267452678,0.0,-0.056018067080744416,0.0,-0.08749825877844075,1.0,0.22011316772964484,1.0,0.13044608961277726
204,Mario Somma,0,-0.07883818209315319,,,,,,,,
205,Giuseppe Pillon,1,0.1374494235935666,,,,,,,,
206,Stefano Pioli,0,-0.45680885811400007,1.0,0.1443537102277852,1.0,0.015118955432697145,0.0,-0.0618698651201508,0.0,-0.06723247177986469
207,Massimo Silva,1,0.1459696838281903,,,,,,,,
208,Nedo Sonetti,1,0.19573783131776823,0.0,-0.27696637128377843,,,,,,
209,Attilio Tesser,0,-0.29290045781459095,,,,,,,,
210,Alain Perrin,0,-0.3729591177302559,1.0,0.2679540917203629,1.0,0.13413032295686533,0.0,-0.39903564196509667,,
211,Fernando Orsi,0,-0.2803983243778283,,,,,,,,
212,Mike Büskens,0,-0.4818901422978128,,,,,,,,
213,Ralph Hasenhüttl,1,0.17252088505331442,1.0,0.5531610849963473,,,,,,
214,Frédéric Antonetti,1,0.1117429533328611,1.0,0.003174638538274488,1.0,0.08909228330220675,,,,
215,Juande Ramos,1,0.2521256766543043,0.0,-0.49574939586931976,1.0,0.11023832546697632,1.0,0.023137931220910346,,
216,Ricardo Gomes,1,0.1643258443239093,0.0,-0.09276285762342984,,,,,,
217,Paul Lambert,1,0.37543886946993554,0.0,-0.11298138110781752,0.0,-0.38965653810815626,,,,
218,Joe Zinnbauer,0,-0.21174354320371824,,,,,,,,
219,Gabriel Calderón,0,-0.5003339327993083,,,,,,,,
220,Marcelo Bielsa,0,-0.19276708212478666,1.0,0.22956197871728157,,,,,,
221,Fran Escribá,0,-0.03317188950656025,0.0,-0.2815233249557041,1.0,0.1753876627143547,,,,
222,Manolo Preciado †,0,-0.12800055311145964,1.0,0.02805032478865832,,,,,,
223,Antonio Tapia,1,0.1022357394935256,1.0,0.41238954761169544,,,,,,
224,Nando Yosu,1,0.2782224537575917,,,,,,,,
225,Carlos Bianchi,0,-0.3841210185847381,,,,,,,,
226,Víctor Espárrago,0,-0.1313550917390779,,,,,,,,
227,Steve Clarke,1,0.11780614973633341,,,,,,,,
228,Chris Hughton,1,0.08328056649709903,1.0,0.02963576980222582,1.0,0.13817349330265405,,,,
229,Javier Clemente,1,0.291201678624073,0.0,-0.006613569706662936,,,,,,
230,José Luis Mendilibar,0,-0.02242253360464197,1.0,0.11032619990356762,1.0,0.13673329923635702,,,,
231,Hugo Sánchez,1,0.02935244192379516,,,,,,,,
232,Luis Fernandez,0,-0.24037688066252727,,,,,,,,
233,Nigel Pearson,1,0.16910265051265216,,,,,,,,
234,Frédéric Hantz,1,0.22861708075854192,0.0,-0.39779829004473966,0.0,-0.41724541013197514,1.0,0.10347484509639804,1.0,0.09735299603540182
235,Jean-Marc Furlan,0,-0.1526588534009814,0.0,-0.16176496908786642,0.0,-0.31206016197096986,,,,
236,Lawrie Sanchez,0,-0.39867643787709617,,,,,,,,
237,Marco Kurz,1,0.028370449199128345,,,,,,,,
238,Juan Ramón López Caro,0,-0.26345281792655983,0.0,-0.1420808660791053,,,,,,
239,Esteban Vigo,0,-0.12715065751759713,,,,,,,,
240,José Pasqualetti,1,0.02540707948265042,0.0,-0.03131886531509975,,,,,,
241,Luigi Cagni,1,0.19350523237586081,,,,,,,,
242,Roberto Rizzo,0,-0.22051986334612494,,,,,,,,
243,José Mari Amorrortu,0,-0.04670160621411279,,,,,,,,
244,Glenn Roeder,0,-0.027073938712544265,,,,,,,,
245,Diego Simeone,1,0.2704427299981591,1.0,0.25871987266432317,,,,,,
246,Mario Luna,1,0.13459799392468708,,,,,,,,
247,Christian Streich,1,0.12988629501734272,,,,,,,,
248,Rolando Maran,1,0.11797592256541933,0.0,-0.04420711426685964,0.0,-0.004698176341121574,,,,
249,Pepe Murcia,1,0.1134078698392802,,,,,,,,
250,Giovanni Galeone,1,0.12189559542933392,,,,,,,,
251,Gian Piero Ventura,1,0.030858979745148174,1.0,0.07004215268563585,,,,,,
252,Edoardo Reja,1,0.10090000947841182,1.0,0.1715668615409136,1.0,0.0755340350238971,0.0,-0.09133933450571674,,
253,Holger Stanislawski,0,-0.18281012088606408,0.0,-0.09915294257942331,,,,,,
254,Jean-Pierre Papin,0,-0.4411133502503275,,,,,,,,
255,Aidy Boothroyd,0,-0.1257914944811669,,,,,,,,
256,José Mari Bakero,0,-0.2621859390936603,,,,,,,,
257,Marco Giampaolo,0,-0.19226618353432645,0.0,-0.03955129410047564,1.0,0.02120240657071082,0.0,-0.05311690661730761,1.0,0.18993564507573701
258,Ivan Hasek,1,0.008722164323113235,,,,,,,,
259,Néstor Gorosito,1,0.236792177182781,,,,,,,,
260,Cuco Ziganda,0,-0.1670656680599205,0.0,-0.6060171220757072,0.0,-0.3682648628195393,,,,
261,Miguel Ángel Portugal,1,0.2086517338198599,0.0,-0.12529290225105782,,,,,,
262,Ciro Ferrara,0,-0.4036546774000116,0.0,-0.0532909533740864,,,,,,
263,Gareth Southgate,0,-0.18467809519363354,,,,,,,,
264,Pierre Dréossi,1,0.0025430573706450854,,,,,,,,
265,Staale Solbakken,0,-0.3744152901013015,,,,,,,,
266,Gian Piero Gasperini,1,0.17872904678151036,0.0,-0.4205015357242152,1.0,0.1434718318751551,1.0,0.4597349097791339,,
267,Bruno Giordano,0,-0.3571730817693326,,,,,,,,
268,Antonio Conte,1,0.4411816809273048,1.0,0.3836954294948103,1.0,0.10462606040841127,,,,
269,Bernard Casoni,1,0.007316774716336516,0.0,-0.08835946394848015,,,,,,
270,Slaven Bilic,1,0.03579546744826456,,,,,,,,
271,John Carver,0,-0.5765830860548297,,,,,,,,
272,Roy Keane,1,0.0011093634335983538,,,,,,,,
273,Laurent Banide,0,-0.09343733212756833,0.0,-0.04072791308173884,,,,,,
274,Rémi Garde,0,-0.019117680334076015,0.0,-0.5507481427803739,,,,,,
275,Thorsten Fink,0,-0.10137510933897342,,,,,,,,
276,Pasquale Marino,1,0.04038999837047297,1.0,0.06551550892215263,0.0,-0.21010862562196242,,,,
277,Miroslav Djukic,1,0.05510743931593409,0.0,-0.3350009855353788,0.0,-0.341720902025212,,,,
278,Davide Ballardini,1,0.5292910110087975,1.0,0.2789305346826263,0.0,-0.589744540053321,1.0,0.048802250180715046,0.0,-0.051662601846646616
279,Roger Schmidt,1,0.10226266687732966,,,,,,,,
280,Georges Eo,0,-0.3238715004412547,,,,,,,,
281,Francis De Taddeo,0,-0.7131636589987136,,,,,,,,
282,Siniša Mihajlovi?,1,0.03232934715159341,1.0,0.41146096552978895,0.0,-0.18090248909509565,1.0,0.3721299989512712,0.0,-0.08567746839194235
283,Arnaud Cormier,0,-0.18677213215701505,,,,,,,,
284,Sylvain Ripoll,0,-0.10392952015072221,,,,,,,,
285,Michel Der Zakarian,0,-0.27608859375483763,1.0,0.05125558996371393,1.0,0.19627960066976158,,,,
286,Jean-Guy Wallemme,1,0.01453538240271901,,,,,,,,
287,Laurent Roussey,0,-0.1015961180766527,,,,,,,,
288,Heiko Herrlich,0,-0.24642285697904265,1.0,0.046212150464769675,,,,,,
289,Gustavo Poyet,0,-0.0724704406929284,1.0,0.35339892260254224,,,,,,
290,Brian Laws,0,-0.3980407530510599,,,,,,,,
291,Owen Coyle,1,0.05604062000540766,0.0,-0.055893277643744854,,,,,,
292,Nigel Adkins,0,-0.0014260179949443508,,,,,,,,
293,Mané,0,-0.0008024837557782938,,,,,,,,
294,Paul Ince,0,-0.43237625770916743,,,,,,,,
295,Roberto Martínez,1,0.025656252088330334,0.0,-0.038014703166282526,,,,,,
296,Paulo Duarte,0,-0.511789068969034,,,,,,,,
297,Ricky Sbragia,0,-0.3390621411912943,,,,,,,,
298,Markus Babbel,1,0.17905236208020492,1.0,0.02961557546442317,0.0,-0.2973748432491148,,,,
299,Laurent Blanc,1,0.18144797417208802,0.0,-0.0007508783449634571,,,,,,
300,Domenico Di Carlo,0,-0.19351093289384147,1.0,0.16773783644469553,0.0,-0.39469498162600547,1.0,0.12008739823784653,0.0,-0.2605025115305327
301,Markus Gisdol,0,-0.037405407709474314,0.0,-0.15406701142096124,,,,,,
302,Adi Hütter,1,0.32392836306330275,,,,,,,,
303,Alain Casanova,1,0.018965896109243596,0.0,-0.05793017901874742,,,,,,
304,Christophe Galtier,1,0.15755538800705882,1.0,0.12141292173709561,,,,,,
305,Bruno Génésio,1,0.24614868502040954,,,,,,,,
306,Sergije Kresic,0,-0.074392656795917,,,,,,,,
307,Jean-Louis Garcia,0,-0.19493106760578893,,,,,,,,
308,Philippe Montanier,1,0.14103540805668424,1.0,0.3058425868195791,0.0,-0.07546304730048048,,,,
309,Jean-Marc Nobilo,0,-0.45031035599796476,,,,,,,,
310,Didier Ollé-Nicolle,0,-0.25498436991627804,,,,,,,,
311,Unai Emery,1,0.33841298954020216,1.0,0.09606996566208115,1.0,0.14026498179999414,0.0,-0.02629048044243376,1.0,0.19579895377909717
312,Frank Schaefer,1,0.09755817177933146,,,,,,,,
313,Víctor Muñoz,0,-0.019980906116670027,0.0,-0.24082150771411803,0.0,-0.28150365305526015,,,,
314,Abel Resino,0,-0.2329081226297155,1.0,0.07837861597490048,1.0,0.09967874756431438,0.0,-0.438678647183791,,
315,Marcelino,1,0.31049121362648613,1.0,0.3613787060365161,1.0,0.30082637520217137,0.0,-0.29188110610381823,1.0,0.2843918495989355
316,Manolo Jiménez,1,0.0891803585525186,0.0,-0.02043903096174904,,,,,,
317,Gonzalo Arconada,0,-0.1732487209056135,,,,,,,,
318,Paco Jémez,1,0.05494066132680042,0.0,-0.7201294966741593,,,,,,
319,Juan Muñiz,0,-0.10588527748213772,0.0,-0.22423689178779005,0.0,-0.2591827839688202,,,,
320,Juan Ignacio Martínez,1,0.20716445174485854,0.0,-0.22057400837098273,,,,,,
321,José Luis Oltra,0,-0.07901574715442694,0.0,-0.27328353910976055,0.0,-0.42894328071596444,,,,
322,Avram Grant,1,0.15905472787421449,0.0,-0.19911197087990595,0.0,-0.23372765231894732,,,,
323,Torsten Lieberknecht,0,-0.3030479392033749,,,,,,,,
324,Bojan Prasnikar,0,-0.014433196862243092,,,,,,,,
325,Francisco Chaparro Jara,1,0.020228764386379217,,,,,,,,
326,Antonio Álvarez,1,0.06666268846523304,,,,,,,,
327,Kasper Hjulmand,0,-0.12354794846653072,,,,,,,,
328,Giancarlo Camolese,0,-0.20749977562905708,,,,,,,,
329,Renzo Ulivieri,0,-0.09500239341579841,,,,,,,,
330,Zvonimir Soldo,0,-0.2978479262887288,,,,,,,,
331,Gerardo Martino,0,-0.1405802462484207,,,,,,,,
332,Pep Guardiola,1,0.1097743477222286,1.0,0.07839746643136314,1.0,0.27895605012168767,,,,
333,Tito Vilanova,1,0.3781000762838538,,,,,,,,
334,Alex Dupont,0,-0.003131989464816076,1.0,0.08036793557663913,,,,,,
335,Hubert Fournier,1,0.09594118980744448,1.0,0.19658209403241722,,,,,,
336,Patrice Garande,1,0.002632029176741879,,,,,,,,
337,David Guion,1,0.2458731982571778,,,,,,,,
338,Olivier Pantaloni,1,0.02905045358574787,,,,,,,,
339,André Schubert,0,-0.11832574370197624,,,,,,,,
340,Manuel Zambrano,0,-0.06079321350046474,,,,,,,,
341,Craig Shakespeare,1,0.0965472727269423,,,,,,,,
342,Jürgen Kramny,0,-0.15330810643557324,,,,,,,,
343,David Wagner,0,-0.13167192464116995,,,,,,,,
344,Nevio Orlandi,1,0.03625189515036431,1.0,0.022294812098094363,,,,,,
345,Gianfranco Zola,0,-0.10692281281946947,,,,,,,,
346,Brian McDermott,0,-0.15354769774222787,,,,,,,,
347,Juanma Lillo,0,-0.0891805169944182,,,,,,,,
348,Voro,1,0.03895431702884267,,,,,,,,
349,Pablo Machín,1,0.3377448354535735,1.0,0.47323469364177484,,,,,,
350,Pepe Bordalás,1,0.37463550461567174,,,,,,,,
351,Luis García,1,0.12722028567543453,0.0,-0.0529551798609067,,,,,,
352,Juan Carlos Garrido,0,-0.0786008441906878,,,,,,,,
353,Fabri,0,-0.14910722996179637,,,,,,,,
354,Manolo Hierro,0,-0.7453837008582557,,,,,,,,
355,Hervé Renard,1,0.07631178648349501,,,,,,,,
356,Luis Enrique,0,-0.04042532077697003,1.0,0.15067870437539188,1.0,0.03513179134798072,,,,
357,Anquela,0,-0.1975426174949666,,,,,,,,
358,Aurelio Gay,0,-0.10569064587573807,,,,,,,,
359,Michael Wiesinger,0,-0.029322208535341066,,,,,,,,
360,Daniel Sanchez,0,-0.06055267925376251,,,,,,,,
361,Pepe Mel,1,0.09372304333919379,0.0,-0.27211528134289853,0.0,-0.08884581782041767,0.0,-0.1985400451881052,,
362,Roberto Di Matteo,1,0.07345380171303317,0.0,-0.21903211921677102,,,,,,
363,Yves Bertucci,0,-0.047921419124899556,,,,,,,,
364,Abelardo,0,-0.13501508422422803,1.0,0.574002918873812,,,,,,
365,Landry Chauvin,0,-0.21121812596411405,,,,,,,,
366,Thierry Laurey,0,-0.06568880645982478,1.0,0.00047685798149177394,,,,,,
367,Fabien Mercadal,0,-0.22881416774148755,,,,,,,,
368,Paul Clement,0,-0.10579022826934614,,,,,,,,
369,Mike Phelan,0,-0.27371757441618805,,,,,,,,
370,Paco Herrera,0,-0.25417122589535757,,,,,,,,
371,Ole Gunnar Solskjaer,0,-0.26709407448075206,,,,,,,,
372,Thomas Tuchel,1,0.2650807209209536,1.0,0.1543866122060078,1.0,0.33563035493808213,,,,
373,Gianluca Atzori,0,-0.4866046397549274,,,,,,,,
374,Aitor Karanka,0,-0.22402881894385784,,,,,,,,
375,Massimiliano Allegri,1,0.1998007652298559,0.0,-0.0821840908313054,1.0,0.17148390983001427,,,,
376,Mauricio Pellegrino,1,0.41129589490191254,0.0,-0.3742439374946709,1.0,0.1282259313125117,,,,
377,Asier Garitano,0,-0.022245118124503804,0.0,-0.14729764051492977,,,,,,
378,Paco López,1,0.570788188357489,,,,,,,,
379,Tim Sherwood,1,0.017334494058263594,0.0,-0.31979803554068564,,,,,,
380,Malky Mackay,1,0.06745003481400602,,,,,,,,
381,Paulo Sousa,1,0.09403656536070648,,,,,,,,
382,Julian Nagelsmann,1,0.32146585031165875,,,,,,,,
383,Markus Weinzierl,1,0.12938444423845907,0.0,-0.3008398989488015,,,,,,
384,Leonardo,1,0.133926017918796,,,,,,,,
385,Pascal Dupraz,0,-0.05745757097963411,0.0,-0.052120191633293844,,,,,,
386,Mauricio Pochettino,0,-0.01918917854286173,1.0,0.27098173796090963,1.0,0.30171607242518106,,,,
387,René Girard,1,0.3310221255976633,1.0,0.1351517274310865,0.0,-0.3277600259682312,,,,
388,Sandro Schwarz,0,-0.055668881845506,,,,,,,,
389,Míchel,1,0.0751596012624598,0.0,-0.22614488721479153,0.0,-0.2398914726567556,0.0,-0.1666174363984949,,
390,Manuel Baum,0,-0.08971264441973537,,,,,,,,
391,Maurizio Sarri,1,0.15538093500491257,1.0,0.42239298447628637,1.0,0.12743720998477093,,,,
392,Javi Gracia,1,0.0017626386156710527,1.0,0.07220894637701725,1.0,0.11013555163204392,,,,
393,Dirk Schuster,1,0.10994062207979671,,,,,,,,
394,Martín Lasarte,1,0.12998267503480054,,,,,,,,
395,Laurent Guyot,0,-0.27513520333032215,,,,,,,,
396,Niko Kovac,1,0.12356564002799608,0.0,-0.1785023546593285,,,,,,
397,Patrice Carteron,0,-0.08295763817878166,,,,,,,,
398,Leonardo Jardim,1,0.1834539204533423,,,,,,,,
399,Gaizka Garitano,0,-0.11409776097084645,0.0,-0.39478273456630986,,,,,,
400,Jorge Sampaoli,1,0.3200356285971435,,,,,,,,
401,Juan Antonio Pizzi,0,-0.18754663788004344,,,,,,,,
402,Eddie Howe,1,0.1993469360171669,,,,,,,,
403,Éric Roy,0,-0.021153276334859195,,,,,,,,
404,Vincenzo Montella,1,0.07266493193868961,1.0,0.03742215054049303,0.0,-0.28566665123655577,1.0,0.009478507659351099,0.0,-0.4071937733405535
405,Jens Keller,1,0.13632267951317534,,,,,,,,
406,Sir Kenny Dalglish,0,-0.2431972509512752,,,,,,,,
407,Paco Flores,0,-0.17107855312097864,,,,,,,,
408,Quique Setién,1,0.030722738030313,1.0,0.2537783523629169,,,,,,
409,Devis Mangia,0,-0.01742742049234236,,,,,,,,
410,Tayfun Korkut,0,-0.0415821256377944,1.0,0.5299249161692732,,,,,,
411,Willy Sagnol,1,0.10328950670885728,,,,,,,,
412,Giuseppe Sannino,1,0.17476125065342663,,,,,,,,
413,Eusebio Di Francesco,0,-0.11843460620197244,1.0,0.24744144694856973,1.0,0.029277696804488773,,,,
414,Jocelyn Gourvennec,1,0.044485122680502975,1.0,0.014237480131986224,,,,,,
415,José Ramón Sandoval,1,0.13739950073865292,0.0,-0.019029331363767055,,,,,,
416,Leonardo Semplici,0,-0.09020605971188111,,,,,,,,
417,Olivier Dall'Oglio,0,-0.031076090916006827,,,,,,,,
418,Eugenio Corini,1,0.17492752236698816,0.0,-0.1267314287865129,,,,,,
419,René Marsiglia,1,0.04207774338772419,,,,,,,,
420,Davide Nicola,0,-0.2836957376735675,0.0,-0.09355453256282698,,,,,,
421,Martin Schmidt,1,0.11592014957267693,0.0,-0.3510769253900492,,,,,,
422,Sean Dyche,1,0.09259780075132351,,,,,,,,
423,Florian Kohfeldt,1,0.20429032500499966,,,,,,,,
424,Cosmin Contra,0,-0.030152408433723465,,,,,,,,
425,Hannes Wolf,0,-0.11521668803209684,,,,,,,,
426,Massimo Rastelli,1,0.07342247531769752,,,,,,,,
427,Ivan Juric,0,-0.16254108708909576,0.0,-0.38364069325463024,,,,,,
428,Nuno Espírito Santo,1,0.3272976726414947,1.0,0.3697223360245807,,,,,,
429,Fernando Vázquez,1,0.191553450340876,1.0,0.09541195657799872,,,,,,
430,Víctor Sánchez,0,-0.004105314135679938,0.0,-0.23338056016822994,,,,,,
431,André Breitenreiter,0,-0.0187800105277236,0.0,-0.006126575536225198,0.0,-0.15921340781175009,,,,
432,Bernard Blaquart,1,0.27787186328984714,,,,,,,,
433,Giovanni Martusciello,0,-0.2934245087333751,,,,,,,,
434,Pacheta,0,-0.11016869599186663,,,,,,,,
435,Stéphane Moulin,1,0.009550694966105722,,,,,,,,
436,Thomas Schneider,0,-0.4137992215252366,,,,,,,,
437,Marco Silva,1,0.21407680510097638,0.0,-0.0750006618248169,0.0,-0.02102080128740158,,,,
438,Fabio Pecchia,0,-0.36999262342191686,,,,,,,,
439,Andrea Stramaccioni,0,-0.5187616211571535,0.0,-0.16510437797895472,,,,,,
440,Patrick Vieira,1,0.020746609543540684,,,,,,,,
441,Sami Hyypiä,1,0.14175663938014038,,,,,,,,
442,Zinédine Zidane,0,-0.06223386288910859,,,,,,,,
443,Simone Inzaghi,1,0.2615290991994541,,,,,,,,
444,Alexander Nouri,0,-0.028564817872067882,,,,,,,,
445,Roberto Stellone,0,-0.10620626242740128,,,,,,,,
446,Eduardo Berizzo,1,0.10243614069994411,1.0,0.24017802768981378,,,,,,
447,Sérgio Conceição,1,0.5163304404485809,,,,,,,,
448,Angelo Castellazzi,0,-0.024780254515163636,,,,,,,,
449,Pál Dárdai,1,0.09749988634108808,,,,,,,,
450,Eric Hély,0,-0.06805809635019822,,,,,,,,
451,Dominique Arribagé,0,-0.33658518724290787,,,,,,,,
452,Gary Neville,0,-0.7522163061962881,,,,,,,,
453,Alex Neil,0,-0.1252406274059935,,,,,,,,
454,Eric Sikora,1,0.1632310490075508,,,,,,,,
455,Olivier Guégan,0,-0.11822066402479958,,,,,,,,
456,Ghislain Printant,1,0.12506426743299492,,,,,,,,
457,Sabri Lamouchi,1,0.20775849407407088,,,,,,,,
458,Rubi,0,-0.23272090115766564,0.0,-0.11030741282324397,1.0,0.09099127601405699,,,,
459,Jean-Luc Vasseur,0,-0.042673877264680415,,,,,,,,
460,Christophe Pélissier,0,-0.015372686735437568,,,,,,,,
461,Diego López,0,-0.31136769708768597,0.0,-0.0028718739881412603,,,,,,
462,Filippo Inzaghi,0,-0.2921920246441927,0.0,-0.4441118196063921,,,,,,
463,Moreno Longo,0,-0.48561952651606477,,,,,,,,
464,Ivo Pulga,1,0.14055270423621913,,,,,,,,
465,Patrick Gabriel,1,0.29410712094266667,,,,,,,,
466,Gennaro Gattuso,1,0.01660038755464721,,,,,,,,
467,Francisco Rodríguez,0,-0.0818476889867702,,,,,,,,
468,Torsten Frings,0,-0.14347808397447026,,,,,,,,
469,Jagoba Arrasate,0,-0.14745539593359291,,,,,,,,
470,Domenico Tedesco,1,0.06130780425674187,,,,,,,,
471,Constantin Galca,0,-0.01166924268345726,,,,,,,,
472,Michael Köllner,0,-0.3965342456258908,,,,,,,,
473,Roberto De Zerbi,0,-0.2640193996028314,1.0,0.15409660995035424,,,,,,
474,Clarence Seedorf,1,0.11317359900461987,0.0,-0.48711015519760004,,,,,,
475,Sergio,1,0.07845111191866172,1.0,0.32353468701241683,,,,,,
476,Míchel,0,-0.23543448933485323,,,,,,,,
477,Garry Monk,1,0.06480308319666062,,,,,,,,
478,Roberto D'Aversa,1,0.27610232815175717,,,,,,,,
479,Massimo Oddo,0,-0.6084974722840434,0.0,-0.1470775312832151,,,,,,
480,Javier Calleja,0,-0.05449243521525138,,,,,,,,
481,Petar Vasiljevic,0,-0.29242410248429207,,,,,,,,
