country,cname,party_id,party_name,eu_position,eu_position_sd,eu_salience,eu_dissent,eu_benefit,eu_ep,eu_intmark,eu_cohesion,eu_foreign,eu_turkey,eu_budgets,lrgen,lrgen_sd,lrecon,lrecon_salience,lrecon_sd,galtan,galtan_salience,galtan_sd,spendvtax,deregulation,redistribution,econ_interven,civlib_laworder,sociallifestyle,religious_principle,immigrate_policy,multiculturalism,urban_rural,environment,regions,international_security,ethnic_minorities,nationalism,antielite_salience,corrupt_salience,mip_one,mip_two,mip_three
1,bel,102,PS,6,.70710677,3.2,3,1.2,6.4000001,5,6.25,6,5.5,4.1999998,2.5999999,.54772258,2.4000001,8.3999996,.54772258,3.4000001,3.2,1.6733201,2.4000001,2,1.8,1.75,2.2,1.6,1,2.8,2,3.3333333,3.8,6.5999999,5.8000002,2,2.25,2.5999999,2.25,public services vs taxes,redistribution,state intervention
1,bel,103,SPA,6,.70710677,3.8,3.25,1.2,6.5999999,5,6.25,6.1999998,5.5,4.1999998,3,.70710677,2.8,8.3999996,.83666003,2.5999999,4.25,.89442718,2.8,2.5999999,2,2.25,2.4000001,1.4,1,3.4000001,2.4000001,2.3333333,3.4000001,6,5.8000002,2.5999999,2.25,2.5999999,3,public services vs taxes,redistribution,state intervention
1,bel,104,ECOLO,6.25,.5,3.8,1.6666666,1,6.8000002,5,6.25,5.4000001,5.5,3.8,2.2,.44721359,2.2,7.1999998,.44721359,1.2,5.5999999,.44721359,2.5999999,1.8,1.6,1.75,1.4,.80000001,1.4,1.8,1.2,2.3333333,1,6.8000002,7.1999998,1.4,1,3,6.25,environment,redistribution,public services vs taxes
1,bel,105,Groen,6.1999998,.44721359,3.8,3,1,6.8000002,5,6.25,5.4000001,5.5,3.8,2.2,.83666003,2,7.1999998,.70710677,1.2,5.5999999,.44721359,2.5999999,2,1.8,2.25,1.4,.80000001,1.4,2.2,1.4,2.3333333,1,6.8000002,7.1999998,1.4,1,3,6.25,environment,redistribution,public services vs taxes
1,bel,106,MR,6.4000001,.54772258,4.4000001,1.3333334,1,6.75,6.5999999,6,6.5999999,4.75,6.4000001,7,0,7.5999999,8.6000004,.54772258,3,3.2,1,8,7.5999999,6.5999999,7.25,5.5999999,1.6,1,6.1999998,6.1999998,4.6666665,6.8000002,7.1999998,3.4000001,5,3,1.6,3,public services vs taxes,state intervention,deregulation
1,bel,107,VLD,6.5999999,.54772258,3.5999999,2,1,6.5999999,6.5999999,5.5,6.5999999,4.75,6.4000001,7,0,7.8000002,8.6000004,.44721359,2.4000001,3.5999999,.89442718,8.3999996,8,6.5999999,7.25,6.1999998,1.4,1,6.5999999,6.4000001,3.6666667,7,5.8000002,3.4000001,5.5999999,3,1.6,3,public services vs taxes,state intervention,deregulation
1,bel,108,cdH,6.4000001,.54772258,3.4000001,1.5,1,6.5999999,6.1999998,6,6.4000001,4.75,6,4.4000001,.54772258,4.1999998,7,.44721359,5,3.4000001,.70710677,5.1999998,4.4000001,4.1999998,5,4.4000001,3.2,4.8000002,4.1999998,4,5.6666665,5,6.8000002,4.8000002,4.5999999,4.25,2,3,public services vs taxes,redistribution,state intervention
1,bel,109,CD&V,6.5999999,.54772258,4,1.5,1,6.5999999,6.1999998,6,6.4000001,4.75,6,5.4000001,.89442718,5.5999999,7.4000001,.89442718,5.5999999,3.4000001,.54772258,6.1999998,5.1999998,4.8000002,5.25,5,3.8,5.5999999,5.4000001,4.8000002,7.3333335,5.5999999,3.2,3.4000001,5.1999998,5.25,2,3,public services vs taxes,redistribution,state intervention
1,bel,110,N-VA,5,1.2247449,3,3.5,1.4,5.8000002,6.4000001,5.5,6,3.25,5.8000002,7.8000002,.83666003,8.1999998,7.5999999,1.0954452,6.1999998,2.25,1.3038405,9,8.6000004,7.4000001,7.75,8.1999998,3.5999999,3.5999999,7.5999999,8.1999998,6,7.5999999,2,3,7,9,6.1999998,4.25,decentralization,public services vs taxes,nationalism
1,bel,111,FDF,6.4000001,.54772258,4,1.6666666,1,6.75,6,6,6.4000001,4.6666665,5.4000001,5.5999999,.54772258,5.5999999,7.4000001,.89442718,4,3.8,1.2247449,5.5999999,6.1999998,5,5.75,4.4000001,2.8,2.25,4.4000001,4.25,3.6666667,5,4.1999998,5,4,4.5,4.5999999,4.25,tie: decentralization and nationalism,public services vs taxes,anti-elite rhetoric
1,bel,112,VB,2.5999999,.54772258,4.5999999,1.5,2.5999999,5.1999998,3,4.75,4.1999998,1,2.5999999,9.1999998,.83666003,5.5,5,2.3804762,9,6,.70710677,5.1999998,5.4000001,5,5.25,8.6000004,7.1999998,5.5999999,9.6000004,9.6000004,4,7.1999998,1.4,4.8000002,9.6000004,10,9,5.75,immigration,tie: multiculturalism and nationalism,anti-elite rhetoric
1,bel,119,PVDA,3.4000001,1.1401755,3.5999999,2,2.4000001,5.5999999,2,5.5,2.5,5.3333335,1.6,.40000001,.54772258,.2,8.6000004,.44721359,2.8,4.4000001,1.6431676,.2,.40000001,.2,.25,2,2.25,.80000001,1.8,1.6,2.6666667,4.5999999,9.25,7.8000002,1.6,1,8.3999996,6,tie: redistribution and state intervention,public services vs taxes,tie: anti-elite and deregulation and ethnic
1,bel,120,PP,2.5,.70710677,4.8000002,1.5,3,4.6666665,2,3,4,2,2,7.75,1.2583058,8.5,8.8000002,.70710677,7.5,6.1999998,.70710677,7,7,6.5,7,8.5,7,2,8.5,9,6,7.5,8.5,6,9,10,6.5,5.3333335,tie: anti-elite and immigration,ethnic minorities,corruption
2,den,201,SD,6,.63245553,4.4545455,3.7272727,1,5.7142859,5.5,4.8000002,5.7777777,4.2857141,5,4.4000001,1.1737878,3.9000001,7.3333335,1.1005049,5.1999998,4.5555553,.91893661,4.0999999,4.125,3.25,3.3,5.2222223,2.9000001,2.6666667,5.5,5.4000001,3.8888888,4.2222223,5,3.2222223,5,4.8000002,2.8,2.3,public services vs taxes,redistribution,state intervention
2,den,202,RV,7,0,6.2727275,1.0909091,1,6.2857141,6.75,5.1999998,6.4444447,5.7142859,5.8888888,5.6999998,.67494857,6.5,7.8888888,.70710677,1.9,6.4444447,.99442893,6.0999999,6,5.25,4.8888888,3.125,1.2,1.7777778,2.5999999,2.0999999,2.7777777,3,3.8571429,4,3,2,1.1,2.3,public services vs taxes,civil liberties,multiculturalism
2,den,203,KF,5.5,.52704626,4.090909,3.875,1.1,4.7142859,6.4285712,4.5,5.5714288,3.6666667,4.7142859,7,.94280905,7.5999999,7.625,1.0749677,7.1999998,4.8888888,.91893661,7.5,6.625,6.75,6.3000002,7.2222223,5.3000002,5.6666665,7.0999999,7.3000002,5.2222223,6.6666665,4.6666665,2,6.375,7.0999999,2.5,2.0999999,public services vs taxes,nationalism,tie: redistribution and social lifestyle
2,den,206,SF,4.6363635,.80903983,4.3636365,5,1.4545455,5.4285712,4.25,3.8,3.625,4.3333335,3,2.9000001,.87559503,2.3,6.2222223,.67494857,3.0999999,5.1111112,1.4491377,2.0999999,2.25,2,1.6,3.1111112,1.6,1.4444444,2.8,2.8,3.5555556,1.7777778,4.2857141,6,3.125,3.2,2.9000001,2.4000001,redistribution,public services vs taxes,environment
2,den,211,V,5.818182,.60302269,5.090909,3.0999999,1.0909091,5.1428571,6.25,5.4000001,5.8888888,3.2857144,4.7777777,7,.66666669,7.3000002,8,.82327259,5.6999998,5.1111112,1.9465069,7.4000001,7.25,7,6.4000001,7,3.5999999,3.2222223,7.6999998,7.0999999,7.2222223,7.2222223,3.4285715,1.6666666,6.875,6.5,2.8,2.0999999,public services vs taxes,immigration,tie: deregulation and redistribution
2,den,213,EL,1.8181819,.75075722,6.2727275,1.8181819,2.7272727,3.625,2.1111112,3,1.7777778,4.1666665,1.5555556,1.2,.63245553,1,6.4444447,.94280905,2.0999999,5.7777777,1.3703203,.60000002,1,.5,.60000002,1.5555556,1,.66666669,1.6,1.5,2.8888888,.77777779,5.4285712,7.7777777,1.375,2.5999999,5.9000001,3.4000001,redistribution,public services vs taxes,state intervention
2,den,215,DF,1.9090909,.53935987,7.2727275,1.0909091,2.8181818,3.25,3.6666667,2.8,1.8888888,1.1111112,1.5555556,6.9000001,2.0789955,4.5,4.8888888,1.4337208,8.3999996,7.2222223,1.1737878,4,4.5,3.625,4.5999999,8.5555553,6.1999998,4.7777777,9.6999998,9.5,6.5555553,6.8888888,5,3.7777777,8,9.1111107,6.9000001,2.4444444,immigration,public services vs taxes,EU integration
2,den,217,FolkB,1.0909091,.30151135,9.727273,.2,2.909091,3.5,1.875,2,1.2222222,3.1666667,1.25,2,1.0954452,1.3333334,4.7142859,1.1547005,2.75,8.125,2.8722813,3.5,2.25,2,1.25,1.5,1.3333334,1.5,1.5,2,5,1.5,4,9.333333,1.5,7.6666665,8,2.25,EU integration,tie: anti-elite and environment and international security,nationalism
2,den,218,LA,3.8,1.3984118,4.2727275,1.8571428,1.8888888,4.1428571,6.125,3.5999999,3.7142856,3.5,3.3333333,7.9000001,.99442893,9.1000004,8.333333,.56764621,2.5555556,5.3333335,1.9436506,9.333333,9.1111107,8.25,8.6000004,5.1428571,1.5,1.2222222,4.0999999,4.8888888,2.625,7.75,3,4.3333335,5.125,4.5555553,3.125,2.0999999,public services vs taxes,deregulation,state intervention
3,ger,301,CDU,6.3846154,.65044361,6.9230771,2.9230769,1.0769231,5,6.5454545,5.4444447,5.909091,2.7272727,4.909091,5.9230771,.75955451,5.9166665,8.4615383,1.1645001,6,5.25,.91287094,5.7272725,5.6999998,5.9000001,5.3000002,6.4000001,5.1999998,6.1999998,5.7272725,6.5,6,5.3636365,5,4.090909,5.5999999,4.6999998,.80000001,3,EU integration,international security,public services vs taxes
3,ger,302,SPD,6.3846154,.65044361,6.8461537,2.8461537,1,5.6363635,6,5.6666665,5.909091,4.818182,5.2727275,3.7692308,.43852901,3.5,8.2307692,1,4.1538463,5.4166665,1.0681881,3.4545455,3.9000001,3.2,3.0999999,4.9000001,3.2,3.0999999,3.909091,3.5999999,3.8888888,4.2727275,5.7142859,4.6363635,3.5,3.3,1.3,3,EU integration,redistribution,public services vs taxes
3,ger,303,FDP,5.6923075,.63042516,5.5384617,5.3333335,1.1666666,4.7777777,6.7272725,4.5555553,5.5454545,3.8571429,4.5,6.5384617,.66022527,8,8.6923075,1.3483998,3.3846154,5.5,1.5566236,7.3636365,7.3000002,7.3000002,7.5999999,4.5999999,2.3,2.3,3.5999999,3.7,3.1111112,6.909091,5.8571429,5.090909,4.125,3.4000001,.89999998,3.375,public services vs taxes,deregulation,EU integration
3,ger,304,Grunen,6.2307692,.72501105,6.1538463,3,1,6.1999998,6,5.4444447,5.818182,6,4.7272725,3.6153846,1.0439079,3.5,7,1.2431631,2.1538463,7.7272725,1.2142318,2.8181818,3.4000001,3.2,3.3,2.7,1.5,2,2.090909,1.2,4,1.4545455,5.5714288,5.3636365,2.3,1.4,2,4.5,environment,tie: multiculturalism and nationalism,EU integration
3,ger,306,Linke,3,1.0801234,5.6923075,4.9166665,2.1666667,5.3333335,3.2727273,4.375,2.5454545,4.2857141,2.7,1.2307693,.92680871,1.25,7.3846154,.9653073,4.9230771,4.3333335,2.2532029,.5,1.6,.89999998,1.2,3.5555556,3.3,1.6666666,4,3.8,3,4.7777777,5.1428571,8.8000002,3.3333333,3.7,5.4000001,3.125,redistribution,state intervention,public services vs taxes
3,ger,308,CSU,4.8461537,1.1435437,6.6153846,3.5,1.4615384,4.4545455,5.6363635,5.2222223,5.1999998,1.7272727,4.3636365,7.2307692,1.4806443,6.0833335,7.6923075,1.0836247,7.9230771,6.1666665,1.1151636,6.181818,6,6.5555553,6,8.1000004,6.8000002,7.7777777,7.4545455,8.1999998,7.6666665,6.181818,3.6666667,4.2222223,7,6.5999999,2,2.375,public services vs taxes,EU integration,decentralization
3,ger,309,NPD,1.6666666,.70710677,5.0999999,.80000001,3,1.8571428,1.8333334,1.8,1.4,1.1428572,1.2,10,0,5.3333335,3.4166667,2.8722813,9.818182,7.5,.40451992,4.8000002,3.3333333,5.5999999,3.2,9.666667,9.5,4.3333335,9,10,8,5.5,6,7,10,9.8888893,9.1111107,3,nationalism,immigration,ethnic minorities
3,ger,310,AfD,1.6153846,.76794767,9.5384617,1.3333334,2.6153846,2.4285715,3.2,2.4444444,2,1.375,2.5,8.9230766,.49354813,8.333333,8.4615383,.98473191,8.6923075,5.6666665,1.4366984,7.8888888,8.1428576,7.125,7.75,8.75,8.125,7,9.3000002,9.2222223,5,8.666667,3,7.8000002,8.8000002,8.6999998,7.7777777,3.8333333,EU integration,immigration,public services vs taxes
3,ger,311,Piraten,4.7142859,1.3801311,3.7,5.4285712,1.4,5.6666665,6,4.5,3.5,5,2.6666667,3.25,1.7645499,3.25,3.9166667,1.3887302,1.9090909,6.5,2.1191766,3,2.3333333,3,3.3333333,2,.83333331,1.25,2.5,2,2.5,3.3333333,2,8,1.6666666,1.25,6.8571429,6.25,civil liberties,social lifestyle,tie: deregulation and services vs taxes
3,ger,312,DieTier,4,1.7320508,1.5714285,3,2.5,4,4.5,5,3,,2,4.6666665,2.5166116,2,4.1666665,,4,5,4.2426405,2,2,2,2,1.5,1,1,1,1,4,1,2,7,2,0,10,4.5,anti-elite rhetoric,environment,tie: social lifestyle and urban vs rural
4,gre,401,PASOK,6.5555553,.72648317,7.6666665,1.8888888,1,6.375,6.3333335,6.7777777,6.3333335,4.625,5.5555553,4.7777777,.9718253,5.4444447,9.4444447,1.5898987,4,4.4444447,1.118034,4.25,5.8888888,4.2222223,4.5,3.8888888,3.6666667,5.1111112,4.3333335,4.5555553,5,5.8888888,3.5,4.375,4.3333335,3.6666667,2.7777777,4.8888888,public services vs taxes,tie: EU and redistribution,state intervention
4,gre,402,ND,6.5555553,.72648317,7.4444447,2.5555556,1,6.4285712,6.5555553,6.7777777,6.1111112,3.7142856,5.5555553,7.2222223,.9718253,7.1111112,9.4444447,1.0540925,7,6.3333335,1,5.5,6.3333335,6.5555553,6,7.1111112,8.1111107,8.4444447,8,8.2222223,6,7.6666665,5.7142859,4.4285712,8.2222223,7.4444447,2.3333333,4.5555553,public services vs taxes,EU integration,redistribution
4,gre,403,SYRIZA,3.4444444,1.3333334,6.3333335,7.1111112,2.2222223,5.25,3.6666667,5.1111112,4,4.1666665,1.625,2,.70710677,1.4444444,9.4444447,.72648317,2.1111112,5.5555553,1.2692956,1.75,1.3333334,1.2222222,1.125,1.7777778,1.5555556,1.5555556,2.2222223,1.8888888,4,2.7777777,3.75,7,2.1111112,3.1111112,8.5555553,7.875,redistribution,anti-elite rhetoric,public services vs taxes
4,gre,404,KKE,1.1111112,.33333334,6,.66666669,3,2.1428571,1.3333334,2.3333333,1.5714285,1.2857143,1,.66666669,.70710677,.11111111,9.1111107,.33333334,5.7777777,3.4444444,1.7159383,.875,0,.33333334,.125,5.4285712,6,.77777779,2.8333333,3.8333333,5.8000002,5.5714288,5.3333335,9,3.1428571,5.5555553,9.7777777,8.625,redistribution,EU integration,state intervention
4,gre,410,LAOS,3.25,1.5811388,5.375,2.8571429,2.1666667,4.75,4,4.6666665,3.5714285,1.125,2,8.666667,.5,5.3333335,7.1111112,2.8722813,8.333333,6.7777777,.86602539,5.7142859,4,5.5,4.5714288,9.125,9.2222223,9.333333,9.333333,9.25,5.75,8.1428576,7.3333335,5.2857141,9.1111107,9.1111107,9,5.8571429,public services vs taxes,immigration,nationalism
4,gre,412,ANEL,2.2222223,1.2018504,4.8888888,3.4444444,2.375,3.4000001,2.7142856,3.5,2.3333333,1.1428572,1.2222222,8.7777777,.66666669,5.1111112,6.8888888,3.2574701,8.5555553,6.7777777,1.0137937,4.8000002,1.8,5.1666665,5,9.25,9.5,9.625,9.1111107,9.2857141,6,8.4285717,5,4.7142859,9.1111107,9.2222223,9.2222223,7.4285712,nationalism,anti-elite rhetoric,immigration
4,gre,413,Potami,6,1,6.6666665,2.3333333,1.1111112,6.4285712,6.3333335,6.5555553,6.2857141,4.5999999,5.75,4.8888888,.78173596,5.6666665,7.5555553,1.6583124,2.1111112,5.6666665,1.7638342,4.75,6.4285712,4,5.25,2.6666667,1.6666666,2.3333333,3.4444444,2.7777777,3.5,3.75,3,4.7142859,2.8888888,2.4444444,5.3333335,8.2222223,public services vs taxes,EU integration,corruption
4,gre,414,DIMAR,5.7777777,.66666669,6.4444447,4,1.3333334,5.875,5.8888888,6.6666665,6,4.8571429,4.75,3.2222223,.83333331,3.4444444,7.6666665,.88191712,2.5555556,5.4444447,2.0069325,3.625,3.4285715,2.4444444,2.75,2.2222223,1.5555556,1.8888888,2.7777777,2.3333333,3.3333333,3.1111112,2.5,5.1428571,2.4444444,2.5555556,4.3333335,7.4444447,public services vs taxes,redistribution,EU integration
4,gre,415,XA,1.1111112,.33333334,4.4444447,.44444445,3,2,1.2857143,2.2,1.1428572,1,1,9.8888893,.33333334,2.875,5.8888888,3.4408264,10,8.2222223,0,2,.83333331,3,1.1666666,10,10,8.1111107,10,10,6,9.3999996,8.25,5,10,10,10,7.75,immigration,nationalism,anti-elite rhetoric
5,spa,501,PSOE,6.6999998,.48304591,6.9000001,.69999999,1,6.3000002,6.3000002,6.875,6.75,5.2222223,5.2222223,3.8,.42163703,4.1111112,8.666667,.78173596,2.2,7.2222223,1.1352924,2.5,3.0999999,2.4000001,3.2,2.9000001,1.2,2.5,3.5999999,4.25,4.375,4.2222223,4,2.6666667,4.1111112,4.3000002,3,6.3000002,redistribution,state intervention,public services vs taxes
5,spa,502,PP,6.8000002,.42163703,6.9000001,.60000002,1,5.6666665,6.6999998,6.75,6.75,4.5555553,5.5555553,7.3000002,.67494857,7.6666665,8.7777777,.5,8,7.2222223,.66666669,7.5999999,7.9000001,7.5999999,7.3000002,8.3000002,7,7.8000002,8.1000004,8.25,5.5,7.375,7.5,2.4444444,7.4444447,7.1999998,1.4,3.4000001,public services vs taxes,deregulation,nationalism
5,spa,504,IU,4.5999999,1.4298407,5.6999998,3.3333333,2,6.125,3.8888888,6.875,4,5,2.625,2,.47140452,1.7777778,9,.66666669,1.4,7.6666665,.84327406,1,1.1,1,1.2,1.9,1.4,.89999998,1.6,2.4285715,3.875,2.7777777,3.0999999,7.1111112,2.3333333,3.8,5.5999999,7.5999999,redistribution,public services vs taxes,state intervention
5,spa,505,CiU,6.3000002,.67494857,6.8000002,1.3333334,1.2222222,6.375,6.5999999,6.75,6.25,4.1428571,5.4444447,6.1999998,1.0327955,7,5.5555553,.70710677,6.1999998,4.5555553,1.3984118,6.5,6.6999998,6.5,6.6999998,6.5999999,5.5999999,6.9000001,6.6666665,7.875,5.5,6.8888888,.30000001,4.875,4.625,8.1000004,1.9,3.4000001,nationalism,decentralization,public services vs taxes
5,spa,506,EAJ/PNV,6.4444447,.72648317,6.6999998,1.5,1.1111112,6.5999999,6.3333335,6.75,6.125,3.75,5.2857141,6.3000002,1.0593499,6.3333335,7,1.3228756,6.4000001,5.1111112,1.1737878,5.5999999,5.8000002,5.5999999,6.125,6,5.1999998,7.4000001,6.4444447,7.5714288,6.25,,1,4.5714288,4.25,8.3999996,1.9,3.4444444,decentralization,nationalism,public services vs taxes
5,spa,507,EA,6.375,.7440238,6.8000002,2,1.375,6,5.5714288,6.8571429,5,4.5,3.5,4.3333335,1.5811388,4.125,7,1.6420805,4.5,5.125,2,3.5999999,4.1111112,4.7777777,4.1999998,4.4444447,3.7777777,5.1111112,5.8333335,6.8571429,6,6.1111112,.8888889,4.7142859,3.1666667,8.333333,2.25,3.625,decentralization,nationalism,public services vs taxes
5,spa,511,ERC,5.5555553,1.1303884,6.5,2.7777777,1.6666666,6.1428571,4.75,6.7142859,4.5714288,4.6666665,3.2857144,3.6666667,1,3.625,5.2222223,.7440238,2.1111112,5.3333335,1.1666666,3.5,2.5555556,2.9000001,3,3,1.6,1.7,3.6666667,6.125,5.5,5.4285712,.1,5.8571429,2.375,8.3000002,4.2222223,4.6666665,nationalism,decentralization,public services vs taxes
5,spa,513,BNG,5,1.3093073,6,2.5714285,2,6.25,4.5,7,3.8333333,4.5,2.5,2.4444444,.72648317,2.125,6.6666665,1.2464235,1.7777778,5.875,.9718253,1.8888888,1.5555556,1.8,1.9,2.4444444,1.4444444,1.6666666,2.4000001,4,6.25,3.875,.69999999,6.125,1.875,8.375,5.4285712,5.6666665,decentralization,nationalism,redistribution
5,spa,517,CC,6.375,.7440238,6.6666665,1.3333334,1,6.4000001,6.1666665,7,6.6666665,4.6666665,4.8333335,6,.5,6.375,7.2222223,1.187735,5.25,5.7777777,1.1649648,5.5714288,6.375,5.875,5.7777777,6,5.1428571,5.1428571,6.4444447,6.5714288,5.6666665,3.4285715,2.5,4.6666665,5.125,6.875,1.8571428,4.2857141,decentralization,public services vs taxes,nationalism
5,spa,518,ICV,4.8000002,1.5491934,5.4000001,2.8888888,1.6666666,5.8571429,4,6.8571429,4.2857141,4.8333335,2.1428571,2.1111112,.60092521,2,7.4444447,.75592893,.8888889,7.5,.92796075,1.375,1.3,1.6,1.3,1.7777778,.80000001,.8888889,1.7,2.875,4,5.4285712,1.7,7,1.5555556,5.0999999,5.0999999,7.4444447,public services vs taxes,redistribution,decentralization
5,spa,523,UpyD,6.6666665,.5,6.8000002,.8888889,1,6.5714288,6,6.75,6.6666665,5.25,4.875,5.6666665,1,6,7.4444447,1.1952286,3.1111112,5.7777777,1.7638342,4.5555553,5.3333335,4.6666665,4.6999998,5,3.1111112,3,5.25,5.1666665,3.8571429,1.6666666,8.1000004,3.8333333,5.6666665,5.25,6.7777777,8,corruption,decentralization,anti-elite rhetoric
5,spa,524,Amaiur,4.7142859,.95118976,6.1999998,2.2,2.3333333,5,3.6666667,6.8000002,3,4.6666665,2,1.8888888,1.6914819,1.1428572,5.8888888,.89973539,2.1428571,5.875,1.3451854,2.25,1.2857143,1.6666666,1.375,1.7142857,1.5555556,2.125,3.3333333,5.4000001,5.8571429,5.2857141,.11111111,8.166667,1.6666666,8.4444447,5.375,5.75,nationalism,decentralization,ethnic minorities
5,spa,525,Podemos,4.4444447,1.4240006,6.1999998,2.6666667,2.3333333,6,3.5,7,3.4285715,4.6666665,1.5,1.6666666,.86602539,1.25,8.7777777,1.0350983,1.75,6.8888888,1.3887302,1.1428572,1,.75,.77777779,1.375,1.125,.75,1.4,1.5,3.5999999,3.5,2.625,7.5,2.6666667,6,10,9.7777777,anti-elite rhetoric,corruption,redistribution
5,spa,526,C's,6.6666665,.5,6.5999999,.85714287,1,6.8333335,6.1666665,6.75,6.7142859,4.6666665,5,5.5555553,1.4240006,6.5,6.3333335,1.3093073,3.2222223,5.7777777,1.5634719,5.125,6.1111112,5.75,5.75,5.3333335,2.8888888,3.1111112,6.25,6,3.8571429,4.1999998,7,4,6.1666665,5,6.3333335,8.2222223,corruption,nationalism,anti-elite rhetoric
6,fra,601,PCF,2.6428571,1.2157393,5.0769229,2.9166667,2.3076923,4.3333335,2.1666667,5,3,3.7142856,1.5833334,1.75,.62158155,1.1666666,7.4166665,.57735026,3.909091,3.9166667,1.513575,.90909094,.72727275,.72727275,.63636363,3.0999999,2.5454545,1.6363636,3.5999999,4.5454545,2.5714285,6.3636365,5.2222223,6.2222223,3.3,4.6363635,6.6363635,4.0999999,redistribution,public services vs taxes,state intervention
6,fra,602,PS,5.7857141,.80178374,5.0769229,6.75,1,5.4166665,4.9166665,5.5,5.75,3.6666667,3.6666667,3.8333333,.57735026,3.8333333,7.0833335,1.2673044,3.3636363,6.5454545,1.5666989,3.8181818,4.2727275,3.090909,3.8181818,3.909091,1.9090909,1.9090909,4.6999998,4.7272725,3.3333333,5.3636365,3.3,3.3,3.7272727,4.2727275,3.2,3.7,public services vs taxes,state intervention,EU integration
6,fra,603,PRG,5.8461537,1.0681881,5,3,1.1666666,5.5,4.8000002,5.2857141,5.2857141,3.875,4,3.8181818,.98164982,3.75,6.6363635,1.2154311,3.4166667,6.4545455,1.8809249,3.4444444,3.8,2.7777777,3.5454545,3.625,2,1.7272727,4,5,5.1666665,5.3000002,3.3333333,4.25,4,4,3.7777777,3.5,EU integration,tie: social lifestyle and urban vs rural,tie: civil liberties and multiculturalism and services vs taxes and redistribution
6,fra,605,EELV,6.2142859,.80178374,6.4615383,3.5833333,1.0769231,6.6153846,4,6,5.8888888,4.75,3.5833333,3.0833333,1.2401124,3.25,5.6666665,1.356801,1.4166666,7.75,2.2746961,2,2.2727273,2,2.4545455,1.5454545,.54545456,1.8181819,2.0999999,1.8181819,2.7142856,.81818181,1.8,6.3000002,1.4,1.5454545,5.3636365,6,environment,civil liberties,redistribution
6,fra,609,UMP,5.4285712,1.0163499,5,5.8333335,1.2307693,4.75,5.8333335,4.5,5.1111112,1.9,4,7.6666665,.77849895,7.3333335,7,1.230915,7.1666665,6.9166665,1.5275252,7.090909,7.5454545,7.4545455,6.3636365,7.3636365,6.6363635,5.7272725,7.5999999,8.454545,6.2857141,7.4545455,5.6999998,2.7777777,7.3636365,7.3636365,3,3.5,state intervention,public services vs taxes,immigration
6,fra,610,FN,1.2142857,.42581531,8.4615383,1.0833334,3,2.1538463,1.4166666,1.5714285,1.375,1.1,1.0833334,9.636364,1.2060454,5.909091,5.4166665,2.1658506,8.916667,7.8333335,2.108784,5.5,3.6363637,5.090909,3.7272727,9.1999998,8,3.6363637,9.8000002,9.727273,6.8333335,7.5454545,8,5,9.909091,8.818182,9.545455,7.909091,immigration,multiculturalism,anti-elite rhetoric
6,fra,612,MPF,1.2307693,.43852901,8.75,.69999999,3,1.6666666,1.7272727,1.5,1.375,1.125,1.0909091,9.1000004,.87559503,8,4.5454545,1.5811388,8.909091,8.166667,2.3432689,7.5555553,4.5999999,7.1428571,6.2857141,9.1111107,8.6999998,7.5555553,9.5555553,9.3999996,7,6.5714288,7.5,3.8,9.4285717,8.5,7.3333335,5.5714288,nationalism,immigration,EU integration
6,fra,613,MODEM,6.6153846,.50636971,6.75,1.8181819,1,6.5454545,6.3636365,5.7142859,5.875,3,5.1999998,5.909091,.83120942,6.4545455,6.4166665,1.0357255,5.3636365,5.2727275,1.6292776,6.6666665,6.5,5.9000001,6.5555553,5.5999999,5,5.6666665,6.3333335,6.2222223,5,6.3333335,4.7777777,4,5.4444447,5.5,5.3000002,4.8888888,public services vs taxes,state intervention,EU integration
6,fra,621,NC,6.181818,.87386292,6.7272725,2.4444444,1.2222222,5.875,6.2857141,5.5999999,5.5,2.8333333,5.2857141,6.2727275,1.4206272,6.8888888,7.6363635,1.5365907,6.2222223,5.9000001,1.6414763,6.5714288,6.7142859,6.4285712,6.8571429,6,5.8571429,5.4285712,6.6666665,6.1428571,5.1666665,6.5714288,5.1428571,4,5.8333335,6,2.8571429,3.4285715,deregulation,tie: redistribution and social lifestyle,
6,fra,622,PRV,6,.75592893,6.5,2,1.1666666,6.1999998,6.5,5.3333335,5.1999998,2,4.75,6.1428571,.69006556,6.5,7.181818,1.5165751,5.8571429,5.5,2.0354009,6.3333335,5.8333335,6,5.8333335,5.6666665,4.8333335,3.8333333,6.4000001,6.1666665,5.4000001,6.6666665,4.5,4.4000001,5.8000002,5.8333335,3.5,4,public services vs taxes,state intervention,tie: anti-elite and deregulation and ethnic
6,fra,623,AC,6.5999999,.89442718,8.666667,1.25,1.4,6,6.5,5.6666665,5,2,5.1999998,6.5999999,1.1401755,6.8000002,7.7272725,1.3038405,6.1666665,5.3000002,1.8348478,6.1999998,6.1999998,6,6.4000001,6.1999998,5.1999998,5.5999999,6.5,6,5,7,5,4.25,5.75,5.8000002,2.8,3.5999999,state intervention,public services vs taxes,urban vs rural
6,fra,624,PG,2.0833333,1.2401124,8.090909,1.7,2.4545455,3.3,2,4.25,2.5714285,3.75,1.3333334,1.7,.67494857,1.1111112,9,.60092521,2.4000001,5.181818,1.5055453,.89999998,.5,.69999999,.80000001,2.5555556,2.2,.60000002,2.375,3.3,2.2857144,4.375,4.4444447,7.1428571,2.625,2.5,9,7.1999998,redistribution,anti-elite rhetoric,public services vs taxes
6,fra,625,Ens,3.25,1.5811388,7.7272725,4,2,4,3.5,4,3.5,4,2,2.5,2.4289916,2.3333333,8.3000002,1.7511901,3.5,5.7777777,1.8708287,2.375,2,2,2,4.1428571,3.25,1.625,4.8333335,4.8000002,3.5,4.7142859,3.5999999,5.1999998,4.5,4,7.5,6.8571429,redistribution,tie: anti-elite and services vs taxes,tie: EU and social lifestyle and state intervention
7,ire,701,FF,5.5555553,.88191712,4.2222223,3.1111112,1,5.1428571,6.4285712,6.5,4.4285712,3.3333333,3.875,5.875,1.1259916,5.75,8.5,.88640529,7.25,4.375,1.1649648,5.7142859,5.3333335,6.4285712,4.8333335,6.1999998,7,5.4285712,6,5,8.1999998,6.2857141,6.1999998,4,7.5,7.3333335,1.3333334,4.5999999,public services vs taxes,urban vs rural,nationalism
7,ire,702,FG,6.4444447,.72648317,5,2.2222223,1,5.4285712,6.4285712,6.5,4.5714288,4,4.375,6.625,.51754916,7.125,8.5,.64086992,6.375,4.375,1.3024702,6.5714288,6.3333335,7.1428571,5.5,6.8000002,5.5,4.8571429,6.1666665,5,7.5999999,6.4285712,6.8000002,4,7.5,6.1666665,1.1666666,4.1999998,public services vs taxes,social lifestyle,urban vs rural
7,ire,703,Lab,5.8888888,.92796075,4.75,2.7777777,1,5.4285712,5.4285712,6.5,4,4,4.375,4.125,.64086992,4.125,8.75,.64086992,3.75,5.375,1.3887302,4.1428571,4.8333335,3.8571429,4,4.5999999,3.1666667,2.8571429,5.1666665,5,3.2,5.5714288,6.8000002,4.1999998,3,4.6666665,1.5,4.1999998,public services vs taxes,redistribution,civil liberties
7,ire,705,GP,4.375,1.5059407,5.3333335,2.4285715,1.125,4.6666665,4,5,3.6666667,2.5,2.5,3.75,.70710677,3.75,8.5,.70710677,2.625,5.625,.91612536,3.2857144,3.6666667,3.4285715,3.3333333,4,1.6666666,1.7142857,4.1666665,5,2.5999999,.71428573,3.8,6.1999998,2,3.1666667,5,5.1999998,environment,public services vs taxes,decentralization
7,ire,707,SF,2.7777777,1.0929065,4.7777777,1.6666666,2,3.6666667,2.8333333,5.625,2,2.6666667,1.625,2.125,.83452296,1.875,8.375,.99103123,5.125,4.375,2.5319388,2.1428571,2.3333333,1.8571428,2.3333333,3,3,3,5.1999998,5,4.4000001,4.4285712,5.25,8,3.5,8.166667,8.1999998,3.5999999,nationalism,tie: anti-elite and redistribution,public services vs taxes
7,ire,708,SP,2.2222223,1.4813657,4.3333335,1.75,2.6666667,2.4000001,2.1666667,5,1.6666666,2.3333333,1.25,.875,.83452296,.5,9,.53452247,1.8571428,5.625,1.2149858,1.5714285,.83333331,.85714287,1,2.2,2,1.1666666,5,5,2.25,3.8571429,5,8,0,3.5,8.8000002,4,redistribution,public services vs taxes,anti-elite rhetoric
7,ire,709,PBPA,2.25,1.5811388,4.4444447,1.2857143,2.75,2.5,2,5,1.4,2,1.1428572,.71428573,.75592893,.42857143,9,.53452247,1.2,6.375,1.3038405,1.5,.40000001,.66666669,.80000001,2.2,1.6,1,5,5,1.3333334,3.3333333,5,8,0,3.5,9.25,3.75,tie: services vs taxes and state intervention,anti-elite rhetoric,corruption
8,it,803,RC,2,.70710677,4.1428571,2,2.8333333,5.25,1.6,6,1.6,2,1.2857143,.2857143,.48795003,.14285715,9.2857141,.37796447,1,7,1.1547005,.60000002,.5,.25,.5,.75,.5,.5,1,3.25,5,2,7,9,1.3333334,2.25,9.333333,8.75,redistribution,state intervention,public services vs taxes
8,it,811,LN,1.1428572,.37796447,8.8571424,.85714287,3,2.8,1.5,4.4000001,1.2,1.1428572,1.1428572,8.8571424,.89973539,7.2857141,8.166667,1.3801311,9.1428576,7.1666665,.69006556,7,5.1999998,5.5999999,6.8000002,9,9.1999998,5.5999999,9.5,5.8000002,7.25,5.8000002,1,6.8000002,9.75,9.6000004,8.8000002,6.4000001,immigration,EU integration,anti-elite rhetoric
8,it,814,UDC,6.1428571,1.0690449,4.2857141,1.2,1.1428572,6,5.6666665,6.3333335,6.1999998,2.25,4.4285712,5.2857141,.48795003,5.2857141,7.6666665,1.1126972,7.8571429,6.8571429,1.6761634,4.75,5,6,4.75,6.75,8.5,8.75,4.6666665,5,5,6.5,7.25,3,6,6.5,1.5,5.25,public services vs taxes,corruption,EU integration
8,it,815,FI,3.4285715,1.3972763,5.8571429,5.8571429,2.2857144,4,5,6,4,4,2.1428571,6.7142859,.75592893,7,8.333333,.81649661,7.2857141,5.6666665,1.4960265,7.8000002,7.5999999,8.8000002,8,8,7.5999999,6.8000002,7.75,5.1999998,5,8,6,2.5999999,8.25,7.1999998,4,3.2,public services vs taxes,deregulation,EU integration
8,it,827,SVP,5.6666665,1.5275252,3.25,1,1,6,6,6.3333335,6,2,4.25,5,.63245553,5.4000001,6.5999999,.54772258,7.25,5,1.2583058,4.5,5,4.5,5,4.5,6.5,7,6,5.5,8,4,.66666669,5,.5,6.6666665,5,4.5,tie: decentralization and ethnic,,
8,it,837,PD,6.5714288,.53452247,7.5714288,2.8571429,1,6,6.3333335,6.7142859,5.6666665,5.5,5.1428571,3.5714285,.53452247,4.5714288,9,1.3972763,2.4285715,6.2857141,1.5118579,5.1999998,5.4000001,2.8,4.5999999,3.5999999,3.2,3.4000001,3.25,4.5999999,4.3333335,4,4.75,3.5999999,2.5,3.4000001,4.4000001,7,public services vs taxes,EU integration,tie: deregulation and redistribution
8,it,838,SEL,3.1428571,1.4638501,5.5714288,2,2.4285715,5.5,2.4000001,5.5,2.75,3.5,1.5714285,1.2857143,.75592893,.71428573,8.833333,.95118976,.2857143,6.6666665,.48795003,1.2,1.2,.80000001,1,1.2,.60000002,1,1.25,4.8000002,4,1.6,5.6666665,8.1999998,1.5,2,6.8000002,7.1999998,redistribution,tie: redistribution and social lifestyle,civil liberties
8,it,843,CD,5.8000002,1.0954452,5.5,1.2857143,1.1428572,5.3333335,6.25,6.4000001,6,3.5,5.6666665,5,.57735026,5,7.6666665,.89442718,6.2857141,5.5,1.2535664,5.6666665,5.3333335,5,5.6666665,6,6.3333335,7.3333335,3.5,4,5,5.6666665,6,4.3333335,4.6666665,4.6666665,3.3333333,6.5,EU integration,corruption,
8,it,844,Fdl,2.1666667,.98319209,6.8333335,1,2.7142856,3.8,2,4.5,2.4000001,1.7142857,1.4285715,7.8571429,3.0783422,5.5714288,7.5,2.572751,9.2857141,7.1666665,.75592893,4.75,3.4000001,5.4000001,5.4000001,9.1999998,9.75,7,8.75,6,10,7.1999998,8,4.5999999,8.75,9.3999996,6.25,5.8000002,immigration,tie: EU and nationalism,corruption
8,it,845,M5S,1.4285715,.53452247,8.8571424,2.4285715,3,3.25,1.8333334,3.25,1.6,1,1.2857143,4.6666665,1.9663842,3.4285715,7.3333335,1.9023795,2.5714285,6.6666665,2.8199966,4,3.5999999,3.4000001,4.1999998,4.1999998,2.2,1.8,4.25,6,4,1.8,3.6666667,8.5,5.6666665,3.8,10,9.8000002,anti-elite rhetoric,corruption,EU integration
8,it,846,SC,6.8571429,.37796447,7.8571429,.5714286,1,6.3333335,7,6.8000002,6.5,4.3333335,6.2857141,5.4285712,.78679579,7.5714288,9,1.6183472,5.4285712,4,1.7182494,8,8.3999996,6.75,8.25,6,5,6.25,5,5,3.5,6,6.3333335,3.5,5,3.75,1,7,deregulation,EU integration,public services vs taxes
8,it,847,VdA,5.3333335,2.081666,4,1.5,1,6,6,6.6666665,6,4,4.6666665,4.8333335,.40824831,4.5,6.5999999,1,6,5,1,3.5,5,2,4,3.5,6,5.5,,6,7.5,4,1,5,.66666669,5,4,5,tie: decentralization and ethnic,,
8,it,848,NCD,5.7142859,.48795003,7.7142859,2,1.1428572,5.25,5.8333335,6.4000001,4.8333335,2.4000001,4.2857141,6.1428571,.69006556,6,7.7142859,.81649661,8,6.8571429,1.4142135,6.8000002,6.5999999,7,7.4000001,8,8,7.1999998,7.5,4.8000002,4.6666665,6.5999999,6.5,2.4000001,7.5,6.5999999,2.2,5,public services vs taxes,tie: immigration and social lifestyle,tie: deregulation and multiculturalism and state intervention
10,net,1001,CDA,5.5454545,.52223295,4.7272725,3.7777777,1,4.8571429,6.25,6,5.375,3.7142856,4.5714288,6.7777777,.83333331,6.5555553,6.6666665,1.4240006,6.4444447,5.1111112,1.1303884,6.6666665,6.7777777,6.3333335,5.8888888,6.8888888,5.4444447,6.8888888,6.5,6.8888888,7.5714288,6.25,3.3333333,3.5,5.7142859,6.25,1.4285715,1.3333334,public services vs taxes,redistribution,EU integration
10,net,1002,PvdA,5.4545455,.68755168,4.909091,5,1,5.8571429,5.875,5.4000001,5.375,5.1428571,4.75,3.6666667,.5,3.2222223,7.4444447,.66666669,3,4.3333335,1.118034,4.1111112,4.4444447,3.7777777,3.3333333,4.3333335,1.8888888,2.6666667,4.125,4.6666665,3.8333333,4.75,4.6666665,4.375,3.7142856,4.25,1.2857143,1.5,redistribution,public services vs taxes,EU integration
10,net,1003,VVD,5.181818,.87386292,4.5454545,4.3333335,1,4.5714288,6.625,4.5,4.75,3.4285715,4.375,7.8888888,.78173596,8.333333,7.7777777,.86602539,5.125,4.1111112,1.9594095,7.7777777,8.5555553,7.4444447,8,7.7777777,2.2222223,2.1111112,7.5,7.2222223,4,7.25,4.6666665,3.125,5.8571429,5.875,1.7142857,1.3333334,public services vs taxes,deregulation,international security
10,net,1004,D66,6.818182,.40451992,7.5454545,1.6666666,1,7,7,5.5999999,6.5,5.7142859,5.5,5.5555553,1.0137937,6.5555553,6.4444447,.88191712,1,6.2222223,1.118034,5.8888888,7,5.4444447,6.3333335,2.1111112,.44444445,1.3333334,2.125,2.2222223,2.6666667,4,5,3.625,2.7142856,1.375,1.4285715,1.6666666,public services vs taxes,civil liberties,EU integration
10,net,1005,GL,6.5454545,.68755168,6.3636365,2.4444444,1.0909091,7,5.375,5.8000002,6.5,5.5714288,5.2857141,2.3333333,.5,2.6666667,5.7777777,.86602539,1,6.2222223,1.2247449,2.75,3.2222223,3.6666667,2.7777777,1.7777778,.875,1.6666666,1.125,1.6666666,3.5,1.25,4,5.125,1.8571428,1.375,1.7142857,1.8333334,environment,redistribution,public services vs taxes
10,net,1006,SGP,2.5555556,.88191712,5.2727275,1.1666666,2.2222223,2.5714285,3.5,2.5,2.375,1.4285715,2,8.1111107,.78173596,6.8888888,5.1111112,.92796075,9.4444447,7.7777777,.88191712,6.3333335,6,6.1999998,5.8571429,7.625,9.1111107,9.8888893,8.4285717,8.875,7.5714288,6,2.6666667,4.4285712,7.7142859,8.7142859,1.1666666,1,religious principles,public services vs taxes,social lifestyle
10,net,1014,SP,2.0999999,.73786479,6.7272725,2,2.8,3.2857144,2,3,2.125,2.7142856,1.5,1,1,1,8.666667,.86602539,4.1111112,3.7777777,1.9002924,1.3333334,1.2222222,1.6666666,.8888889,4,3.1111112,2.4444444,4.375,4.7777777,4.3333335,4.8571429,5.3333335,7.5,4.5,6.25,6.5714288,3.3333333,redistribution,public services vs taxes,EU integration
10,net,1016,CU,3.4444444,1.1303884,5,1.4285715,1.8,2.8571429,3.8571429,2.5,2.7142856,2,2.5714285,5.4444447,1.1303884,4.1111112,5.3333335,.92796075,7.6666665,7.1111112,1.8027756,4.6666665,4.3333335,4.1428571,4,5.75,7.2222223,8.4444447,3.75,6.1111112,6.5,3.8,3.3333333,4.3333335,4.7142859,6.2857141,2.1428571,1.3333334,public services vs taxes,religious principles,redistribution
10,net,1017,PVV,1.0909091,.30151135,8.363636,.8888889,3,1.2857143,2.125,1.2,1.125,1,1,9.25,.70710677,4.5555553,5.1111112,1.878238,7.7777777,4.8888888,1.5634719,4.375,5.1666665,5,4.875,9.333333,3.7142856,3.625,9.875,9.7777777,5,8.1999998,6.5,7.5,9.8571424,9.75,9.4285717,5,immigration,multiculturalism,ethnic minorities
10,net,1018,PvdD,3.7142856,1.8898224,6,2,2.5714285,3.6666667,2.1666667,1.5,3,3,2.25,2.8888888,1.2692956,2.4285715,4.5555553,1.1338934,2.3333333,3.8888888,1.3662601,2.75,1.25,2.6666667,2,2.75,2,1.3333334,2.3333333,3,3.2,.85714287,5,7.3333335,4.3333335,5,5,2.2,environment,tie: EU and social lifestyle,urban vs rural
10,net,1020,50PLUS,4.8000002,1.0954452,4.8000002,1,1.5,4,4.3333335,3.5,4,3.5,5.5,5.25,.5,3.6666667,8.125,1.1547005,4.3333335,6.125,1.1547005,3.3333333,4.5,4.25,6,6,3,2.3333333,5,5.5,4.5,5.3333335,5.5,4,5.5,6,5.8000002,2.5,public services vs taxes,redistribution,social lifestyle
11,uk,1101,CONS,3.1428571,1.3451854,7.4285712,7.2857141,2,2.8333333,5.8571429,3.2,3.5,3.5999999,2,7,1,7.8571429,9,.37796447,6.1428571,4.8571429,1.3451854,8.1428576,7.8571429,6.8333335,7.4285712,7.4285712,4.8571429,6.5,8,7.1666665,5.8333335,7.5714288,5.2857141,3.7142856,5.1428571,7.3333335,2.1666667,3.1666667,public services vs taxes,immigration,deregulation
11,uk,1102,LAB,5.5714288,.53452247,3.5714285,3.5714285,1,4.5,5.8571429,5.8000002,5.1666665,4,3.4000001,3.5714285,.53452247,3.8571429,7.8571429,.69006556,3.4285715,4.1428571,1.1338934,4.1428571,4.5,3.3333333,3.5714285,5,2,4.8333335,5.4285712,3.8333333,3.3333333,5,4.3333335,4.2857141,2.7142856,4.1666665,4,3.6666667,public services vs taxes,redistribution,immigration
11,uk,1104,LIBDEM,6.7142859,.48795003,6.7142859,2,1,6,6.4285712,6.5999999,6,4.75,4.8333335,4.8571429,1.3451854,5.1428571,7.7142859,1.4638501,2.4285715,4.8571429,.97590005,4.5,6,4.3333335,4.8571429,3.2857144,1.1428572,3.5999999,4.2857141,3.3333333,3.6666667,3.6666667,3.1666667,4.5714288,2.1428571,3.1666667,3.1666667,3.5,public services vs taxes,redistribution,tie: civil liberties and EU
11,uk,1105,SNP,6.2857141,.48795003,5.5714288,3,1,6,6.25,6.8000002,5.8000002,5,4.6666665,3,1.1547005,3.3333333,6.8571429,1.2110602,4.5999999,3.4285715,1.6733201,3.2,4.3333335,2.4000001,3,3.75,2.25,4.4000001,3.5999999,3.6666667,4.1999998,5,2.3333333,6.5,2,6.3333335,7.3333335,3.8333333,nationalism,decentralization,public services vs taxes
11,uk,1106,PLAID,6,0,5,3,1,6,6.3333335,7,5.6666665,5,4,3.25,.95742708,3.25,7,.95742708,4.3333335,7.1666665,1.5275252,3,4,3.6666667,3,2,0,3.5,3,5,4.6666665,3,1.6,6,1,5.75,6.5,3.25,nationalism,decentralization,state intervention
11,uk,1107,GREEN,5.1666665,1.3291601,4.5714288,4,1.4285715,6,3.75,6.5,4.25,4,3,1.8571428,.89973539,2,5.2857141,1.1547005,1,6.8571429,.63245553,1.5,1.7142857,1.8333334,2.1428571,1.2,.83333331,2,2.1428571,2,5,.42857143,2,6.8000002,1.1666666,1.1666666,7.6666665,5.1428571,environment,redistribution,civil liberties
11,uk,1108,UKIP,1.1428572,.37796447,9.1428576,.71428573,3,1.1666666,2.5714285,1.2857143,1.2857143,1,1.1428572,9.1428576,.37796447,8.5714283,5.1428571,.78679579,9.2857141,8.1428576,.95118976,8.833333,8.333333,7.5,8.5,8.8571424,8.5,6.8000002,10,9.8000002,5.6666665,9,5.75,5,8.4285717,9.833333,9.2857141,6.8000002,immigration,EU integration,anti-elite rhetoric
12,por,1201,CDU,1.875,.83452296,7.125,.2857143,2.875,4.8000002,2,3.8333333,1.5,5,1,.5,.54772258,.33333334,10,.51639777,4.1666665,2.5,1.7224014,2.3333333,.16666667,.16666667,.16666667,2.1666667,5,.5,2.5,2,5.5,3.1666667,1.6666666,9.1999998,3,4.8333335,7.5,7.8333335,redistribution,public services vs taxes,state intervention
12,por,1202,PP,6.125,.99103123,6,2.2857144,1.125,6,5.6666665,6.1666665,5.6666665,3,5.3333335,8,.63245553,7,8.5,.63245553,7.3333335,3.3333333,1.0327955,6.3333335,7,5.8333335,7,6.8333335,6.6666665,7.8333335,8,7.1666665,6.5,6.1666665,5.5999999,3.2,6.5999999,7.1666665,.66666669,4.3333335,public services vs taxes,deregulation,state intervention
12,por,1205,PS,6.375,.51754916,8.125,3.7142856,1,6.1999998,6,6.5,5.8333335,4.6666665,4.3333335,4.5,.83666003,4.6666665,9.333333,1.2110602,3.1666667,3.5,1.1690452,3.8333333,4,3.3333333,3.6666667,3.8333333,3.1666667,3.3333333,4,3.8,4.6666665,4.6666665,4.8333335,4,4,4.1666665,2,5.5,public services vs taxes,state intervention,redistribution
12,por,1206,PSD,6.875,.35355338,7.625,3.1428571,1,6,6.5,6.5,6,4.3333335,5.3333335,6.6666665,.81649661,7.8333335,9.166667,1.1690452,5.6666665,3.5,1.9663842,7.1666665,8.166667,6.1666665,7.1666665,5.3333335,5.1666665,6,6.8000002,5.5,4.8333335,5.8333335,5.4000001,3,6.1999998,5.8333335,.5,4.8333335,deregulation,public services vs taxes,state intervention
12,por,1208,BE,3.125,1.4577379,6.875,3.5714285,2.375,5.6666665,3.3333333,4.1666665,2.1666667,5.3333335,1.3333334,1.3333334,.81649661,.66666669,9.166667,.81649661,.66666669,4.6666665,.81649661,2.3333333,.5,.5,.5,1,2,.33333334,.80000001,.83333331,4.3333335,1.5,2.4000001,9.1999998,1.4,1.5,7.5,8,public services vs taxes,redistribution,tie: anti-elite and corruption
12,por,1209,MPT,3.4000001,1.1401755,4.7142859,2.5,1.75,5,5.5,6,4,4,3,6.75,1.2583058,7,8,0,6.3333335,3.8,1.1547005,4.3333335,4.3333335,3,7,2.6666667,8,7,7,7.5,6.3333335,.5,5,6,8,6.6666665,8,7.6666665,anti-elite rhetoric,corruption,environment
13,aus,1301,SPO,6,.66666669,4.1999998,2.8,1.1,5.5999999,5.0999999,5.1111112,5.3333335,2.8888888,4.3333335,3.9000001,.56764621,2.8,7.0999999,.78881061,4,4.0999999,1.4142135,2.5999999,2.3,1.8,1.8888888,3.7,3.4444444,2,4.4444447,4.6999998,3.2,4.9000001,5.6999998,5.4000001,4,4.0999999,2.3,2.5999999,redistribution,public services vs taxes,state intervention
13,aus,1302,OVP,6.6999998,.48304591,5.6999998,1.9,1,5.8000002,6.4000001,5.8888888,5.9000001,2.5,4.5555553,6.0999999,.31622776,6.4000001,7.5999999,.51639777,7.1999998,5.3000002,1.3165612,6.1999998,5.5999999,6.3000002,5.6666665,6,6.7777777,7.5999999,6.1111112,7,8,5.8000002,3.5,5,5.9000001,6.1999998,1.6,2.4000001,public services vs taxes,deregulation,urban vs rural
13,aus,1303,FPO,1.9,1.197219,6.6999998,1.7,2.9000001,2.8,2.5999999,2.8888888,1.8,1,1.4444444,8.6999998,.67494857,5.5,5,1.7159383,8.8000002,7,.78881061,5.5999999,5.1999998,4.6999998,4.8888888,8.5,8.8888893,6.3000002,9.8888893,9.8999996,4.9000001,6,5.4444447,7.5,8.8000002,9.3999996,8,5.0999999,immigration,anti-elite rhetoric,nationalism
13,aus,1304,GRUNE,6.5,.70710677,5.1999998,2.4000001,1,6.0999999,5.0999999,5.6666665,5.5999999,4.0999999,4.5555553,3,.94280905,2.8,5.4000001,1.0327955,1.7,7.3000002,1.1595018,2.5,3.2,2.0999999,2.7777777,1.8,.8888889,1.1,1.6666666,1.8,2.8,1.6,4.4000001,5.5999999,1.4,1.6,4.8000002,8.1000004,environment,corruption,redistribution
13,aus,1306,NEOS,6.3000002,.67494857,4.8000002,2.2222223,1.2222222,5.8888888,6.1999998,4.8571429,5.8888888,3.5,4.5714288,6,1.118034,7.5999999,7.0999999,1.2649111,2.9000001,6.5,1.9692074,7.4444447,8,6.5555553,7.7777777,2.5999999,2,2.0999999,4,3.3333333,2.5999999,5,4.4444447,6,3,2.7,6.1999998,7.0999999,public services vs taxes,deregulation,social lifestyle
13,aus,1307,BZO,2.7,1.0593499,4.7777777,3.8333333,2.4285715,3,2.8571429,2.8,2.3333333,1.25,1.4,7.8000002,1.0327955,7.1999998,7,.63245553,7.1999998,5.6999998,2.0439613,7,7,6.3000002,7,7.1999998,6.5555553,5.5,8.666667,8.5555553,5,6.5,4.7142859,7.1111112,8.1999998,8.3000002,6.8888888,4.7142859,public services vs taxes,anti-elite rhetoric,tie: deregulation and nationalism
13,aus,1310,TeamStronach,2.9000001,.99442893,4.5,3.5999999,2.3,3,4,2.8333333,2.8333333,1.5,2,7.5999999,.69920588,7.9000001,7.6999998,.73786479,7.1999998,5.1999998,1.7511901,8.2222223,8.3999996,8.1428576,8.2222223,8.1000004,8,5.2857141,7.3333335,7.625,4.8571429,7.125,5.5714288,6.6666665,7,6.75,7.9000001,7.5999999,anti-elite rhetoric,deregulation,state intervention
14,fin,1401,SDP,5.5999999,.51639777,5.5999999,3.8,1.2,5.6666665,5.5,5.3333335,5,4.5,4.3333335,4,.70710677,3.4444444,8,.88191712,3.2222223,5,.9718253,3.625,4.1428571,3.5714285,3.625,4.2857141,3.375,3,4.125,4,2.625,5.75,6.7142859,5,4.5,4.25,2.625,3.1428571,public services vs taxes,redistribution,state intervention
14,fin,1402,KOK,6.5999999,.51639777,7.0999999,2.5999999,1.1,6,6.6999998,5.3333335,6,4.5999999,5.2222223,7.6666665,.70710677,8.2222223,8.7777777,.66666669,4.75,4.1111112,1.4880476,7.75,7.1428571,7.4285712,7.375,6.4285712,5.8571429,5.5714288,5.125,5.25,2.125,7,7.25,4.125,5,4.625,.875,3,public services vs taxes,deregulation,redistribution
14,fin,1403,KESK,4.5,.70710677,5,5,1.6,4.7777777,4.4000001,5.3333335,4.1111112,3.5555556,3.3333333,5.5555553,.72648317,5.4444447,7.5555553,1.1303884,7,5.1111112,1,5.75,5.7142859,5.2857141,5.5,6.25,6.75,6.25,5.625,6.25,8.5,6.75,2.625,5.4285712,5.5,6.75,3.75,3.3333333,decentralization,urban vs rural,public services vs taxes
14,fin,1404,VAS,4.3000002,.67494857,4.5999999,4.5999999,1.9,4.7777777,3.7777777,4.8888888,3,4.2222223,2.5,1.8888888,.60092521,1.6666666,7.3333335,.70710677,1.8888888,6.7777777,.92796075,2,2.4285715,1.2857143,1.75,2.25,1.625,1.375,2.875,2.25,3.125,3.5,6,5.7142859,3.5,3.25,6.25,3.8333333,public services vs taxes,redistribution,state intervention
14,fin,1405,PS,1.6,.51639777,8.1999998,.89999998,3,3.1111112,2.7,3,1.8,1.5,1.7,5.1111112,2.0275874,4.1111112,5.8888888,1.3642255,9.1111107,8.5555553,.60092521,4.375,4.4285712,3,3.5,8.625,9.125,6.25,9,9.375,6.375,8.25,4.625,6,9,9.25,9.125,6.7142859,anti-elite rhetoric,EU integration,social lifestyle
14,fin,1406,RKP/SFP,6.4000001,.51639777,6.3000002,2.9000001,1,5.875,6.4444447,5.4444447,6.0999999,4.9000001,4.8888888,7.4444447,1.2360331,7.3333335,6.2222223,1.3228756,2.1111112,7.1111112,1.1666666,7,7,6.5714288,6.875,4.7142859,2.375,4,2.75,2.125,4.875,5,4.7142859,4,1.125,2.875,1.125,3.6666667,ethnic minorities,public services vs taxes,multiculturalism
14,fin,1408,VIHR,5.9000001,.56764621,6.0999999,3,1.2,5.875,5.5,4.8888888,5.3333335,4.8888888,4.875,4.4444447,.88191712,4.4444447,5.8888888,1.4240006,.77777779,9,.66666669,4.875,5.1428571,3.8571429,4.375,2,1,1.375,1.375,1.25,1.875,1,6.25,4.5714288,2.125,1.375,4.25,4.8333335,environment,social lifestyle,multiculturalism
14,fin,1409,KD,3.9000001,1.1005049,4.8000002,2.6666667,2.0999999,4,4.2222223,4.375,4.1111112,2.3333333,2.625,6.2222223,1.6414763,5.4444447,5.4444447,1.4240006,9,9.2222223,1,5.5,5.2857141,4.7142859,5.25,7.25,9.25,9.25,6.1428571,7.2857141,5.4285712,5.875,5.2857141,5.4285712,5.7142859,7.125,2.25,4,religious principles,social lifestyle,public services vs taxes
16,swe,1601,V,2.1363637,.56022567,4.7272725,1.5714285,2.909091,3.3888888,2.2105262,3.3571429,1.6111112,5,1.5,1.7142857,.46291006,1.3809524,7.3809524,.58959228,1.9523809,6.3809524,1.774153,.31578946,.94444442,.55555558,.89473683,2.1666667,.63157892,.8888889,.55555558,.63157892,4.0526314,1.7894737,4.8666668,7.4736843,1.5625,1.2777778,5.3684211,2.1111112,public services vs taxes,redistribution,deregulation
16,swe,1602,SAP,5.2727275,1.1204513,3.590909,4.8095236,1.1818181,4.6666665,4.5263157,4.8000002,4.3333335,5.2631578,3.0555556,3.7619047,.53895843,3.4285715,7.9047618,.59761429,3.6190476,4.7142859,1.2031704,2.6315789,3.5,2.8333333,3.1578948,4.2222223,2.2105262,2,2.3333333,2.3157895,4.4210525,4.2105265,5.4000001,3.8947368,3,3.3333333,1.9473684,2.0555556,public services vs taxes,redistribution,state intervention
16,swe,1603,C,5.409091,.95912117,3.9545455,4.25,1.3181819,5,5.5263157,5,5.0555553,5.4117646,3.4117646,7.2380953,.76842451,7.6666665,7.4761906,1.0645813,3.0476191,5.7619047,1.7168632,6.6842103,8.0555553,6.2222223,7.3684211,4.6666665,2,2.2352941,1.9444444,2.6315789,6.9473686,3.6842105,3,3.3125,3.3125,3,2.0526316,1.8888888,public services vs taxes,deregulation,urban vs rural
16,swe,1604,FP,6.909091,.29424495,6.4545455,1.4285715,1.0454545,6.0588236,6.5263157,5.1999998,6.4444447,5.7368422,4.5294118,7.0476189,.66904336,7.4761906,7.0952382,.74960309,3.1428571,5.6666665,1.1084094,6.4210525,7.7222223,6,7.1052632,5.1111112,1.8947369,2.1176472,2.1666667,3,3.8421052,5.6315789,5.5999999,2.2105262,3.375,2.7777777,1.9473684,1.8333334,public services vs taxes,deregulation,EU integration
16,swe,1605,M,6.3636365,.72673142,4.818182,2.5238094,1.0909091,5.0588236,6.4210525,4.7142859,5.8888888,5.6111112,4.0588236,7.4285712,.67612338,7.6666665,8.4761906,.85634881,4.6666665,4.6666665,1.5599145,6.8421054,7.5,6.7222223,7.3684211,6.5,3.2105262,3.1111112,2.6111112,3.2631578,3.4210527,6.1578946,6.1333332,2.5263157,3.875,3.8888888,1.7368422,1.7647059,public services vs taxes,deregulation,state intervention
16,swe,1606,KD,5.8636365,.83354974,4,3.0526316,1.2272727,5,5.6315789,4.5714288,5.4444447,5,3.5294118,7.4761906,.51176631,7.1904764,6.1904764,.81357527,6.9523811,7.0476189,1.1169686,6.2105265,7.0555553,6.1111112,6.8421054,6.8235292,6.2631578,6.7222223,2.6111112,3.8421052,5.1578946,5.8421054,5.1333332,3.2631578,3.9375,4.647059,2.1052632,1.8888888,public services vs taxes,social lifestyle,religious principles
16,swe,1607,MP,4.409091,1.2968494,4.8095236,4.0476189,1.9090909,4.5625,4.1052632,4.6923075,3.2777777,5,2.5333333,3.2857144,.64365029,3.5238094,4.9523811,.67963576,1.6190476,7.1428571,1.4992062,2.9473684,3.7777777,3.3888888,3.4210527,2.3333333,.84210527,1.7777778,.55555558,.78947371,3.1578948,.36842105,3.5999999,6.3684211,1.625,1.1666666,3.5789473,2.1666667,environment,public services vs taxes,immigration
16,swe,1610,SD,1.2727273,.55048186,6.1363635,.94999999,3,1.8333334,1.2777778,1.7857143,1.2352941,1.3333334,1.0625,7.7619047,1.8682816,5.4000001,3.4761906,1.231174,9.2380953,8.3809528,.70034003,4.7058825,4.5294118,4.5882354,4.4705882,9.2777777,8.1578951,5.625,9.7777777,9.8421049,7.3125,7.5,5.25,6.352941,9.8125,9.7777777,8.8947372,2.9444444,immigration,nationalism,multiculturalism
16,swe,1611,PIRAT,3.7142856,1.9386185,4.8421054,2.4545455,2.090909,4.3000002,4.1111112,4.25,3.25,4.6666665,3.1666667,5,1.2060454,5.25,4.4499998,.88640529,1.2352941,8.3999996,.97014248,5.1666665,6.125,5.1666665,5.4285712,1,1.5,1.3333334,1.5,2.2222223,3.8571429,4.6666665,4,5.1666665,3.1666667,1.2307693,8.0625,3.4545455,civil liberties,social lifestyle,anti-elite rhetoric
16,swe,1612,FI,3.1578948,1.3849652,4.5238094,3.3571429,2.25,3.9000001,3.0999999,3.8571429,2.1818182,4.4285712,2.125,1.8095238,.74960309,1.7142857,3.7,.9561829,.80952382,8.3809528,.87287158,1,1.8,1.375,1.25,2.3529413,.36842105,1.125,.47058824,.44444445,2.1428571,1.4666667,4.125,7.6923075,1.2666667,.9375,7.125,2.5714285,social lifestyle,civil liberties,redistribution
20,bul,2002,SDS,6.647059,.49259219,7.4705882,1.2307693,1,5.0714288,6.4000001,6.6666665,6.4375,4.5999999,5.4375,7.1333332,.83380938,7.6875,8.1764708,1.3524669,3.5,5.5625,1.5916449,7,7.5714288,7.647059,7.8235292,4.5,3.75,4.3125,5.1538463,4.4285712,3.1764705,5.5999999,3.7777777,3.6428571,4.2857141,3.6470587,4.5882354,7.647059,EU integration,corruption,public services vs taxes
20,bul,2003,BSP,5.2941175,.77174366,6.1176472,5.3125,1.4705882,5.3846154,4.75,6.4375,3.5294118,3.875,4.125,3.6875,1.4008926,3.4705882,7.2941175,1.6999135,5.9375,4.3125,1.7689451,3,3.6666667,3.1764705,3.0588236,5.625,5.7692308,3.2666667,6.1999998,5.3571429,6.0588236,6.6666665,5.6666665,6.2857141,4.9333334,5.1176472,4.0588236,4.7058825,redistribution,public services vs taxes,state intervention
20,bul,2004,DPS,6,.79056942,6.7647057,2.0625,1.1176471,5.3076925,5.25,6.625,5.1764708,6.7647057,4.4375,4.6875,1.25,4.352941,6.1176472,1.656094,6.5882354,4.4375,1.7341721,4.5,4.4666667,4.2352943,4,4.75,6.2142859,5.25,4.8333335,2.6153846,7.4117646,7.25,3.8333333,4.8333335,1.2,4.2352943,4.0588236,3.1764705,ethnic minorities,urban vs rural,multiculturalism
20,bul,2005,VMRO-BND,3.3125,1.25,4.0588236,2.090909,2.5384614,2.9166667,3,4.7272725,2.5999999,1.6470588,2.0666666,6.0769229,3.3282013,3.7333333,4.7647057,2.1865389,8.625,7.4375,1.2583058,3.7692308,3,2.5714285,3.0714285,8.7857141,9.2142859,6.9285712,9.4285717,8.7692308,6.3125,7.5384617,5.5714288,8.4615383,9,9,8.8823528,6.5333333,nationalism,anti-elite rhetoric,corruption
20,bul,2007,ATAKA,1.5,.63245553,4.5882354,1.9285715,3,2.2857144,1.75,2.9166667,1.25,1.1176471,1.125,5.3571429,4.6011229,1.4375,5.4705882,1.1528949,9.6470585,7.5,.49259219,2.0714285,.85714287,1.4117647,1,9.5625,9.6470585,6.9285712,9.375,9.5714283,6.875,8,6,9.2142859,9.8666668,9.8235292,9.4705887,6.7647057,nationalism,anti-elite rhetoric,state intervention
20,bul,2008,DSB,6.5882354,.50729966,7.7647057,1.2857143,1,4.9285712,6.4375,6.6666665,6.5294118,4.4000001,5.1176472,7.5625,.813941,8,8.0588236,1.118034,4.1176472,5.4375,2.2880764,7.4666667,7.9333334,7.8823528,8.0588236,4.7058825,3.9375,4.8125,5.1538463,4.3571429,3.1176472,5.5294118,3.7777777,3.5999999,4.4666667,3.4705882,4.5882354,7.7058825,corruption,EU integration,deregulation
20,bul,2010,GERB,6.7647057,.43723732,8.8235292,.66666669,1,5.3571429,6.3125,6.9375,5.875,4.8235292,5.5294118,6.5,.96609181,7,8.1176472,1.3693064,5.1176472,4.25,1.9000773,6.5714288,7,6.8823528,6.2352943,5.9411764,5.4666667,5.2857141,6.2666669,5.2857141,3.9411764,6.5625,4.4444447,3.2,4.7333331,5.0588236,4.9411764,6.4705882,EU integration,corruption,public services vs taxes
20,bul,2013,DBG,6.75,.44721359,8.625,1.3125,1.0588236,5.6153846,6.4285712,6.8000002,6.5999999,4.9166665,5.7333331,6.1333332,1.1872337,6.5333333,7.1176472,1.5522641,3.5882354,5.5,1.6605279,6.0714288,7.0714288,6.5999999,6.75,4,3.1428571,3.9285715,4.5384617,3.7692308,3,5.1999998,3.9000001,3.5,4.0714288,3,4.7058825,7.6875,EU integration,corruption,public services vs taxes
20,bul,2014,NFSB,3,1.3093073,4.647059,2.1428571,2.375,3,3.4666667,5.0833335,2.9375,1.75,2.2,6.8571429,2.9575756,4.2666669,5.1764708,2.4630604,8,7.125,2.1602468,4.0833335,3.0769231,3,3.7333333,8.5625,8.25,6.5714288,9.1333332,9.0714283,5.9375,7.25,5.7142859,8,8.9285717,8.8125,8.375,6.5882354,nationalism,anti-elite rhetoric,immigration
20,bul,2015,BBT,4.5333333,1.1872337,5,3.4615386,1.9230769,4.090909,3.7,5.1666665,3.4444444,2.4000001,3.5,6.0833335,2.7122059,3.9000001,6.5625,2.4698179,7.4545455,6.0625,2.0181,4.1666665,3.5,3,3.4615386,8.3571424,7.9230771,5.181818,8.8000002,7.8000002,6.2307692,7.4166665,4.5714288,8.375,8.454545,8,8.8235292,7.125,anti-elite rhetoric,corruption,state intervention
20,bul,2016,ABV,5.647059,.78590524,6.1176472,3.1538463,1.375,4.9285712,4.8000002,6,4.625,4.0769229,4.5,3.4666667,1.5522641,3.375,6.375,1.4083086,5.375,5.5333333,1.995829,3.0666666,3.6923077,3.1333334,3.5625,5.3333335,5.7857141,3.7142856,6.4615383,5.2307692,5.5333333,6.5,4.75,6.1666665,5.7857141,5.25,6.1875,5.8000002,redistribution,state intervention,public services vs taxes
21,cze,2101,CSSD,6.0666666,.45773771,5.7333331,2.9230769,1,5.4166665,5.3846154,6.4285712,5.6428571,4.1666665,5.2142859,3.1428571,.86443782,2.7142856,7.8571429,.99449033,4.4285712,3.1428571,1.7415416,2.6363637,3.8333333,2.8461537,2.8461537,4.8333335,3.3076923,2.7692308,4.3333335,4.25,4.9166665,5.6923075,4.5,4.5833335,4.6923075,5.0769229,1.5,5.2307692,redistribution,public services vs taxes,state intervention
21,cze,2102,ODS,2.8666666,1.1254629,6.6666665,3.6153846,2.2,2.5833333,6.1538463,4,3,4.3333335,1.9285715,8,.87705803,8.1428576,7.8571429,.86443782,6,5.2142859,1.7097008,8.181818,7.5,7.9166665,7.9166665,5.0833335,5.5,5.2307692,7.875,7.4166665,3.4166667,7.5384617,6.3636365,2.4166667,6.6666665,7.4615383,2.1538463,3.1538463,deregulation,public services vs taxes,nationalism
21,cze,2103,KSCM,2.7333333,1.0327955,4.3333335,3.2307692,2.4666667,4,2.6923077,5.5,2.5,3.2857144,2.3846154,1.0714285,.99724895,1,7.2857141,.96076894,6.5714288,3.6153846,2.5027456,1.0909091,2.0833333,.84615386,.61538464,7,5.6923075,.46153846,6.6666665,6.8000002,6.0833335,6.9166665,6.3000002,8.416667,6.181818,7.6153846,5.6923075,5.4615383,redistribution,state intervention,public services vs taxes
21,cze,2104,KDU-CSL,6.5,.65044361,6.4000001,1.3846154,1,5.75,6.0769229,6.3571429,6,2.5,5.3846154,5.9285712,.82874191,5.5714288,6.2142859,.93761444,7.6428571,7.2142859,1.1507283,4.9000001,4.8333335,4.9166665,4.7692308,7.3333335,8.1538458,9.1538458,7,7.7272725,8,4.5833335,3.8181818,3,5.75,5.0769229,2.4615386,5.5384617,public services vs taxes,redistribution,religious principles
21,cze,2107,SZ,6.5714288,.51355261,6.6666665,2.1538463,1,5.909091,5.4615383,5.9230771,5.7142859,5,5.5384617,3.8571429,1.1673206,3.7142856,4.8571429,1.4898927,1.2857143,7.7142859,1.0690449,4.5,4.2727275,4.090909,3.8333333,2.25,1.4615384,2.0833333,1.3333334,1.2727273,2.9166667,.84615386,3.0999999,4.818182,1.6153846,1.9230769,5.8461537,7,environment,social lifestyle,civil liberties
21,cze,2109,TOP09,6.6666665,.61721343,6.6428571,1.4615384,1,5.6666665,6.6153846,6.0833335,6.3076925,3.5833333,5.2307692,7.2142859,.80178374,7.8571429,7.7142859,.77032888,5.5,4.5714288,2.3452079,7.909091,7.25,7.6153846,7.6923075,4.0833335,4.3846154,6.7692308,5,6,3.3333333,6.25,4,2.25,4.75,3.7692308,1.9230769,5.0769229,public services vs taxes,deregulation,international security
21,cze,2111,ANO2011,5.1999998,.86189163,4.1999998,3,1.2,4.5833335,5.9230771,6.0769229,5.181818,4,4.3846154,5.7857141,.80178374,6.3571429,7.6428571,1.2157393,4.4545455,2.7857144,1.2933396,5.909091,6.3000002,5.6153846,5.9166665,4.8333335,3.8461537,4,5.8571429,5,4.1666665,6.4166665,5.2222223,4.4444447,5,4.818182,7.7692308,8.5384617,anti-elite rhetoric,corruption,public services vs taxes
21,cze,2112,USVIT,2.2666667,1.0997835,4.0666666,2.4166667,2.5,2.5555556,3.5,3.8181818,2.625,1.5714285,1.9,7.6923075,2.358835,5.3333335,4,2.0615528,7.7142859,6.2307692,1.7728106,4,4.4285712,4,5.5,8.583333,8.181818,3.1666667,9.3999996,9.666667,6.4285712,6.5555553,4.1666665,6.6999998,9.6153851,9.2307692,9.4615383,8.6153851,anti-elite rhetoric,immigration,ethnic minorities
21,cze,2113,SVOBODNI,1.3333334,1.2909944,7.6666665,.75,2.8666666,1.3333334,5.1666665,2.25,1.4615384,3.125,1.3076923,8.7142859,1.2043875,9.2307692,6.9285712,1.0919285,4.8571429,6.2857141,2.5376289,9.5,9.363636,9,9.5,3.3,4.6999998,3.5,7.625,7.7272725,3.25,8.181818,4.8888888,5.1111112,6.8333335,7.6666665,7,6,EU integration,deregulation,public services vs taxes
22,est,2201,IRL,6.5,.53452247,7.125,1.75,1,5.5,6.625,6.875,6.8571429,5,5,7.75,.88640529,8.25,7.875,1.4880476,6.625,7.75,2.8252687,7.625,8.625,8,8,5.75,5.5,4.8571429,6.5,7.1428571,3,7.125,5.875,1,8.5714283,8.125,1.625,5.5,international security,nationalism,civil liberties
22,est,2202,EK,5,1.4142135,5.375,4.25,1.5,5.1428571,5.125,6.625,5.1428571,4.5999999,3.8333333,4.25,1.0350983,3.875,7.125,.99103123,6.625,5.5,1.5979898,3,4.25,3.25,3.5,5.5,5.625,3,5,2.7142856,3.375,6.875,3.875,3.5714285,1.8571428,4.625,4.75,3.25,redistribution,ethnic minorities,multiculturalism
22,est,2203,ER,6.875,.35355338,8.125,2.25,1,5.375,7,6.875,6.8571429,5,5.4285712,7.25,.88640529,8.25,8.875,1.1649648,3.125,7.125,1.3562027,7.5,8.375,8.25,8.25,4.5,1.875,2.5714285,5.125,6.2857141,2,7,6.25,1.125,6.8571429,5.375,1,5,public services vs taxes,international security,civil liberties
22,est,2204,SDE,6.875,.35355338,7.875,2,1,5.75,6.5,7,6.8571429,5.2857141,5.4285712,4.875,.99103123,4.75,7.75,1.6690459,2.5,7.375,1.4142135,3.375,5.125,3.75,4.375,4.25,2,2.1428571,4.625,2.8571429,3.25,5.125,4.625,1.375,3.8571429,3.25,3.2857144,5.875,international security,public services vs taxes,redistribution
22,est,2207,EER,6,.81649661,6.375,2.5,1,5.8000002,6.2857141,6.875,6.5,4.5,4,5.75,1.6690459,6,4.875,1.4142135,4.2857141,5.375,2.1380899,4.5714288,5.3333335,5.3333335,5.3333335,3.8333333,4,3.1666667,5.6666665,4,4.7142859,2.375,3.5999999,2.4000001,5,4.2857141,7.5,7.75,environment,civil liberties,tie: decentralization and state intervention
22,est,2208,EVE,6.1666665,.40824831,6.75,2.75,1,5.5,6.25,6.8000002,6.4000001,3.6666667,5,7.375,.91612536,7.1428571,6.5,1.3451854,3.8571429,7.625,3.4364989,6.1666665,7.1666665,6.5999999,6.8000002,4,5,3.2,5.5,7.75,4.5,4.75,4.25,1.2857143,6.5999999,6.4000001,8.333333,7.4285712,anti-elite rhetoric,decentralization,social lifestyle
23,hun,2301,MSZP,6.0714288,.47463116,6.2857141,2.6923077,1,5.25,5.8571429,6.5,6,4,4.6153846,3.4285715,.93761444,4.0714288,7.3846154,1.7743595,4.0714288,5.6153846,1.384768,3.7272727,5.3000002,3.4615386,4.5,4.5714288,3.3076923,1.9230769,4.4545455,4.909091,3.2307692,5.9230771,4.5,3.909091,4.2142859,3.1428571,3.5,5.7857141,public services vs taxes,redistribution,civil liberties
23,hun,2302,Fidesz,2.7142856,.46880722,6.3571429,2.6923077,1.8571428,2.4545455,3.3846154,5.9166665,3,3.375,1.7692307,7.9285712,.82874191,3.6923077,7.6923075,1.8432134,8.6428576,6.9230771,1.008208,5.6363635,2.8,7.3846154,1.6428572,8.8571424,8.3076925,8.7142859,7.8333335,7.8461537,7.25,7.1538463,7.7857141,5.181818,7.4285712,8.7857141,4.6428571,2.9285715,nationalism,state intervention,public services vs taxes
23,hun,2308,JOBBIK,1.2142857,.42581531,6.7857141,1.6923077,2.9285715,2.0833333,1.6428572,4.5,1.3571428,2.6666667,1.1538461,9.7142859,.46880722,4,6,3.0276504,9.5,7.3846154,.65044361,4.3000002,2,3.6153846,1.8571428,9.7857141,9.7692308,8.3076925,9.333333,9.5384617,8.166667,5.8333335,5.090909,8.545455,9,9.6923075,9.0714283,8,nationalism,anti-elite rhetoric,ethnic minorities
23,hun,2309,LMP,5.2857141,.99449033,6.0714288,2.7692308,1.4285715,5.25,4.2857141,6.090909,5.0714288,4,3.7272727,4.2857141,1.3827827,3.6153846,6,1.5566236,2.9285715,6.8461537,1.384768,3.8181818,3.5999999,2.9230769,3.2857144,2,1.7692307,1.9230769,3,3.1666667,4.5,.71428573,2.4545455,5.5454545,2.8461537,3.6153846,7.4285712,8.7142859,environment,corruption,anti-elite rhetoric
23,hun,2310,E14,6.6428571,.49724516,7.5714288,1.9230769,1,6,6,6.4166665,6.2142859,4.375,5.2307692,3.6428571,.74494636,4.8571429,7.3076925,2.5071328,2.3571429,7,1.2157393,5.181818,6.5,4.2307692,6.8461537,1.7142857,1.6153846,1.3846154,2.5555556,3.1666667,1.9230769,3.8333333,3.3636363,3.6363637,2.6428571,1.7142857,5.2142859,8.3571424,civil liberties,corruption,EU integration
23,hun,2311,DK,6.7142859,.46880722,7.5714288,1.9166666,1,5.9166665,6.3571429,6.5833335,6.3846154,4.1666665,5.3846154,3.3571429,1.2157393,4.8571429,7.2307692,2.5677629,2.5714285,7.1538463,1.2224997,5.4545455,6.5999999,4.1538463,6.6153846,2.1428571,2.25,1.1538461,2.8,3.5454545,2.0769231,5.4166665,4.090909,3.1818182,3.2857144,1.6428572,4.5,7.8571429,corruption,civil liberties,anti-elite rhetoric
24,lat,2402,LKS,2.8888888,1.2692956,3.8888888,3.5,3,2.8333333,4,6,2.125,4,2,3.25,2.2519832,2.8571429,6,1.5735916,8.2857141,7.5555553,1.1126972,3.8,2.8333333,2.6666667,1.75,7.25,8.833333,6.8000002,4.25,3.5,2.5,6.5,3.5,8.8571424,.5,4.125,9.4285717,6.3333335,ethnic minorities,nationalism,multiculturalism
24,lat,2405,ZZS,5,1.1547005,6.0999999,5,1.5,4.25,5.375,6.375,5.25,4.25,4.25,5.9000001,1.2866839,5.6666665,7.4444447,2,7.2222223,5.2222223,1.7159383,5.8571429,5,6.7142859,6.5,5.5714288,7.2222223,4.125,6.2857141,5.8571429,7,5.6666665,4.3333335,3.875,6.8888888,7.375,5.5,3.7777777,urban vs rural,international security,decentralization
24,lat,2406,NA,5.6999998,.67494857,6.8000002,3.875,1.1111112,4.875,5.75,6.7142859,6.25,3.8,4.2222223,8.3000002,1.1595018,5.8888888,6.6666665,1.7638342,8.1111107,6.6666665,1.3642255,5.625,4.875,5.875,6.625,6.125,7.4444447,5.375,8.7142859,8,6.125,6.3333335,6.1428571,2.25,8.7777777,9.75,5,6.8888888,nationalism,international security,immigration
24,lat,2410,SDPS,4.1999998,1.3984118,4.6999998,3.7142856,2.1111112,3.8571429,4.875,6.1428571,3,4,3.1428571,4,1.2472191,3.5555556,7.5555553,1.0137937,7,4.6666665,1.2247449,5,3.75,3.125,3.375,5.375,7.1111112,4.8571429,4.7142859,3.4285715,2.625,7,4.5,7.625,1.4444444,3,7.375,4,ethnic minorities,public services vs taxes,multiculturalism
24,lat,2412,V,6.8000002,.42163703,8.5,1.4444444,1,6.125,6.6666665,6.75,6.8888888,5.3333335,5.5999999,6.9000001,1.1005049,6.6666665,7.3333335,1.4142135,4,6,1.8027756,5.75,5.625,6.75,7.5,4.125,4.1111112,3,5.2857141,4.4285712,3,6.8000002,7.2857141,2,6.8888888,6.625,1.875,8.2222223,international security,EU integration,corruption
24,lat,2413,NSL,4.2222223,.9718253,4.8888888,5,2.5,5,4.8333335,6.1666665,4.8000002,3,3.5999999,5.1428571,1.6761634,4.8571429,7.7777777,1.7728106,7.7142859,6.8888888,1.3801311,5.8000002,4.25,4.8333335,4.8000002,6.1999998,7,6.8000002,6.25,5.3333335,4,7.25,5.25,6.5,4.3333335,5,9,8.1428576,anti-elite rhetoric,corruption,public services vs taxes
24,lat,2414,LRA,5.125,1.4577379,5.6666665,4.6666665,2,4.5,5.4285712,6.4285712,5.3333335,3,4,5.6666665,1.8708287,5.625,7.7777777,1.9955307,7,6.5555553,2.081666,5.8333335,4.8000002,5.4285712,5.5,6.1999998,6.4000001,5.75,6.25,6.75,6.8333335,7.25,3.2857144,5.75,5.8333335,6.2857141,7.7142859,7.1666665,decentralization,anti-elite rhetoric,corruption
25,lith,2501,LSDP,6.5999999,.50709254,7.7333331,1.8571428,1,5.5384617,5.5714288,6.6153846,6,5.4545455,5.3571429,3.2,1.146423,3.3076923,8.2857141,1.4366984,4.2857141,4.5714288,1.8156826,3,3.2307692,3,3,3.9230769,4.0833335,3.2727273,4.4545455,4.4000001,5.25,5.6363635,4.3636365,4.090909,3.3333333,4.2727275,1.8333334,4.8461537,redistribution,public services vs taxes,EU integration
25,lith,2506,TS-LKD,6.5333333,.51639777,8.2666664,3.5714285,1,5,5.8461537,6.3076925,6.5714288,4.25,5.6428571,7.6428571,1.008208,6.5384617,7.0714288,1.2659242,7.2857141,7.3571429,1.7288756,4.8461537,5.0769229,5.3571429,5.0833335,6.1538463,7.6666665,8,6.090909,6.8000002,3.4166667,5.909091,5.5454545,3.3636363,5.8333335,7.0833335,2,6.5384617,international security,public services vs taxes,social lifestyle
25,lith,2507,LVZS,4.6923075,1.2506409,5.0666666,4,1.6153846,4.090909,4,6.1666665,4.4545455,3.1428571,3.25,3.8666666,1.1254629,3.4166667,5.9285712,1.6213537,6.1666665,4.2142859,1.9462473,4.0833335,3.2,3.090909,3.6666667,6,6.5999999,5.1999998,6.5,6.625,8.818182,3.5454545,2.9000001,5.75,4.7142859,6.2727275,6.2727275,4.7777777,urban vs rural,environment,decentralization
25,lith,2511,LLRA,4.2142859,1.188313,3.6666667,1.3333334,1.5,4.4166665,4.4166665,6.0999999,4,3.125,3.6363637,5.4615383,2.6336093,3.5833333,3.5,1.3113722,8.8571424,7.3571429,1.0271052,4.3000002,3.875,3.5833333,3.5555556,7.090909,8.916667,9,6.1666665,4.3333335,7.4000001,5.1666665,2.5999999,6.2857141,1.25,6.75,6.2727275,4.3000002,ethnic minorities,religious principles,nationalism
25,lith,2515,TT,3.2,1.0141851,6.0666666,6,1.8571428,4,4.3076925,5.8461537,3.8461537,2.6666667,2.9285715,6.6153846,2.5993097,4.3846154,5.3571429,1.4455945,8.2857141,6.7857141,1.1387289,4.5454545,3.6363637,3.6153846,3.2727273,8.0769234,9,7.5,6.4545455,7.5,6.3636365,5.3333335,3.7272727,5.4444447,6.1666665,7.75,7.5,6.3333335,anti-elite rhetoric,social lifestyle,EU integration
25,lith,2516,DP,5.1333332,.99043041,5.3333335,3.3333333,1.4285715,4.6923075,5,6.3076925,4.6923075,3.875,4.3333335,4.4000001,1.1212238,4.6923075,7.5714288,1.315587,5.8571429,3.7857144,1.5619092,4.9230771,4.4615383,4.2142859,4.8333335,5.1538463,5.9166665,4.3636365,4.3636365,5.0999999,5.3636365,6.5555553,4.818182,5.1999998,4.1999998,4.5833335,4.6666665,3.6153846,redistribution,public services vs taxes,anti-elite rhetoric
25,lith,2518,LRLS,6.5333333,.83380938,7.5999999,1.1538461,1.0666667,5.3846154,6.5714288,6,6.4285712,5.4545455,5.0714288,7.3333335,1.2344269,8.6153851,8.0714283,.96076894,2.4285715,6.2142859,1.2224997,8.2307692,8.0769234,8.2857141,8.416667,2.8461537,2.5,2.4000001,3.7272727,3.5999999,1.5833334,6.9000001,4.6999998,3.4545455,3.1818182,3.3333333,1.5,6.5384617,public services vs taxes,deregulation,EU integration
25,lith,2520,DK,3.1111112,.78173596,2.8666666,4.8888888,2.5,3.1428571,3.4000001,5.25,4,3,2.75,6.875,2.5877459,3.3333333,3.4615386,.81649661,9,7.6428571,.85280287,4.5999999,2.6666667,3,3.8,7.9000001,9.3000002,7.625,5.25,7.4000001,6.75,6,4.5,7.5,7,8.25,9.416667,8.5,anti-elite rhetoric,corruption,civil liberties
26,pol,2601,SLD,6.5882354,.61834693,7.9411764,2,1,6.1875,6.1764708,6.6875,6.352941,4.75,5.1875,2.7647059,.75244701,3.1176472,6.0588236,.99261981,2.7647059,6.2941175,.97014248,3.0588236,3.4117646,2.8823528,3.0588236,3.6470587,2.8125,2.4705882,3.3333333,2.5999999,4.2352943,4.7058825,3.9411764,5.0588236,3.1875,3.0588236,2.8235295,4.2352943,public services vs taxes,redistribution,EU integration
26,pol,2603,PO,6.5294118,.51449573,8.4117651,2.5625,1,5.9411764,6.5882354,6.875,6.5294118,5,5.2352943,5.7058825,.58786756,6.2941175,7.8823528,1.1048024,4.5882354,5.4117646,1.4602579,5.8235292,6.5294118,5.8235292,5.7058825,4.5294118,4.5625,5.2352943,4,4.0999999,2.8823528,6.1176472,4.1764708,3.7647059,4,3.8235295,1.4117647,4.4705882,EU integration,public services vs taxes,international security
26,pol,2605,PiS,3.8235295,1.1311109,5.647059,3.25,1.5882353,3.6875,4.7647057,6.375,4.1176472,3.4000001,2.3529413,7.9411764,.65865284,3.0588236,5.7647057,1.7489493,8.4705887,8.3529415,1.6627405,3.3125,3.6470587,2.6470587,2.9411764,8.4705887,8.3125,8.5294113,6.1999998,8,6.8235292,7.2941175,7.4705882,3.5882354,7.0625,8.1764708,7.4705882,8.7647057,tie: anti-elite and nationalism,corruption,international security
26,pol,2606,PSL,5.4705882,.87447464,6.1764708,3.875,1.0588236,4.5999999,5.125,6.6875,5.25,4.1111112,4.125,5.2941175,1.3117119,3.4705882,6.8235292,1.0073261,6.9411764,5.5294118,.96634543,3.7647059,3.4117646,3.5294118,3.3529413,5.8823528,6.8125,6.5294118,6.375,6.5,9.5294113,5.9411764,4.125,5.4000001,5.5625,6.4117646,2.4117646,3.6470587,urban vs rural,redistribution,state intervention
26,pol,2613,RP,6.7058825,.84887469,8.1764708,2.375,1.1176471,6.1333332,6.5625,6.8666668,6.625,5.0999999,5.375,2.5294118,1.2805101,4.1875,4.4705882,1.9397165,1.1764706,8.9411764,1.7405206,4.2142859,6,4.1333332,4,1.4705882,.4375,.70588237,2.1666667,1.2727273,1.7647059,3.625,2.4615386,6.2666669,2.0625,1.3529412,5.4117646,5.5999999,social lifestyle,civil liberties,anti-elite rhetoric
26,pol,2614,KNP,1.0588236,.24253562,8,1.25,3,1.4117647,3.5625,2.2857144,1.2352941,1.9166666,1.0625,9.5294113,.51449573,9.5882349,7.647059,.71228713,8.8235292,8.2352943,2.3514702,9.5294113,9.6470585,9.5882349,9.6470585,8.0588236,9.125,6,8.3999996,10,3.3076923,8.1333332,5.181818,8.181818,8.5714283,8.5882349,9.4705887,8.3999996,anti-elite rhetoric,public services vs taxes,deregulation
26,pol,2615,PR,4,1.5491934,6.2352943,3.0714285,1.625,3.3846154,5,5.6923075,4.5,3.625,2.6923077,7.647059,.93147576,6.6666665,6.5882354,1.6761634,7.6875,7.5,1.8518009,6.375,7.3125,6.4000001,7.2666669,6.3076925,7.1999998,7.8235292,5.625,6.75,4.9375,6.9333334,5.5,5.0999999,6.1538463,7.1875,6.3333335,7.4705882,deregulation,public services vs taxes,religious principles
26,pol,2616,SP,3,.93541437,5.2352943,2.75,2.0666666,3.2142856,4.0714288,5.5384617,3.3846154,3.1111112,2.0714285,8.2941179,.58786756,3.375,4.8235292,1.6683325,8.6470585,8,1.1147408,3.4666667,3.375,3.25,3.2666667,8.5625,8.4375,8.8235292,7.4444447,9,6.625,7.3076925,7.2307692,5.1111112,7.6666665,8.625,7.75,8.7058821,corruption,anti-elite rhetoric,nationalism
27,rom,2701,PSD,5.8235292,.88284302,5.1764708,3.0588236,1.1764706,5.2857141,5.8666668,6.7058825,5.8000002,5.8333335,4.3333335,4.1176472,1.1663165,3.5882354,7.647059,1.2776357,7.352941,4.7647057,1.4116116,3.6666667,4.0666666,4.4000001,3.5999999,6.1333332,6.8000002,7.125,4.7142859,6.3333335,7,7.3076925,4.7333331,3.2,5.5625,7.5,2.5384614,4.4375,redistribution,public services vs taxes,state intervention
27,rom,2702,PC,5.352941,.99631673,3.8823528,3,1.375,4.909091,5.3333335,6.4375,4.7777777,4.8333335,3.5,5.5294118,2.2944946,5,6.1176472,1.7888544,7.9375,4.7058825,.99791449,4.0833335,4.6666665,5.25,4.5384617,6.3846154,6.8000002,6.8571429,5.1999998,6.7142859,5.5999999,7.3333335,4.2727275,3.7857144,6.2857141,7.7857141,3.4166667,3.2,state intervention,nationalism,redistribution
27,rom,2704,PDL,6.647059,.60633904,6.2352943,2.5294118,1,6,6.4705882,6.75,6.2666669,5.1111112,5.8000002,6.647059,1.4552138,7.1764708,7.647059,1.1311109,5.5882354,4.5882354,2.0018375,7,7.5333333,6.9333334,7.1333332,5.0666666,5.9333334,5,4.4285712,5.7777777,3.5,5.8333335,3.8666666,2.5999999,4.5,5.1875,3.3571429,7.625,corruption,EU integration,public services vs taxes
27,rom,2705,PNL,6.5294118,.6242643,6.375,2.25,1,5.8571429,6.4705882,6.7058825,6.1999998,5.1999998,5.5333333,6.647059,1.1147408,6.647059,7.5294118,1.1694645,5.352941,4.4705882,1.998161,6.2666669,7.0666666,6.7333331,6.8666668,5,6,5,4.1428571,5.4444447,3.625,5.7692308,4.1999998,3.1333334,4.5625,4.9375,2.8571429,6.875,corruption,public services vs taxes,EU integration
27,rom,2706,UDMR,6.2941175,1.0467035,5.7058825,2.125,1.1176471,6,6.3571429,6.5,6.1538463,4.8333335,5.4615383,6.1176472,1.3173057,6.125,5.1764708,1.2583058,5.6875,4.7647057,2.2425804,5.818182,6.2727275,6.0833335,6.0769229,5,5.5,5.4615383,4.5999999,2.125,4.7142859,5.1666665,.93333334,3.6666667,.625,4.3125,3.5,4.9375,ethnic minorities,multiculturalism,decentralization
27,rom,2709,UNPR,5.5882354,1.1213175,4.125,2.1666667,1.2666667,4.9000001,5,6.5,5.6363635,4.8000002,3.8181818,3.4285715,1.9499226,3.5714285,6.647059,2.0272863,7.6428571,4.5882354,2.2051389,3.6666667,3.3333333,4.2307692,3.3076923,6.9166665,7.3076925,7.5384617,5.5999999,6.625,6.8461537,7.3333335,4.9230771,3.0769231,6.0714288,8.166667,2.4615386,4.1538463,redistribution,nationalism,public services vs taxes
27,rom,2710,PP-DD,4.5333333,1.641718,3.5294118,2.6363637,2.1666667,3.625,3.8,5.9230771,4,3.8,2.5555556,4.3571429,3.2250736,2.5384614,5.8235292,2.2954805,8.625,5.6875,1.627882,4.75,2.4545455,3.4545455,1.9230769,8,7.7857141,7.25,7.1666665,8.666667,7.0833335,5.6999998,6.25,6.625,8.0666666,8.4285717,8.666667,6.8461537,anti-elite rhetoric,nationalism,redistribution
27,rom,2711,PMP,6.5,.81649661,6.1176472,1.6875,1,6.0769229,6.3333335,6.5999999,6.1538463,5,5.7692308,6.4705882,1.7719215,7.0588236,7.2941175,1.8530579,5.0588236,4.2352943,2.4614677,7.0666666,7.3846154,7.2142859,7.2666669,5.4666667,5.5999999,5.4666667,4.5999999,5.5555553,3.6428571,6.4545455,3.7142856,2.7857144,4.8571429,4.9230771,4.3846154,7.4666667,corruption,EU integration,public services vs taxes
27,rom,2712,PLR,6.2857141,.72627306,5,1.5384616,1,5.6666665,5.909091,6.6923075,6.0999999,5.3333335,4.6999998,6.6666665,1.4474937,6.5999999,7.2941175,1.4540584,5,4.0666666,1.95789,6.090909,7.25,6.5454545,6.8461537,5.2727275,5.4444447,5,4,4.8000002,3.7692308,6.4444447,4,4.090909,4.3333335,4.818182,2.4166667,5.2307692,public services vs taxes,EU integration,tie: corruption and deregulation
28,slo,2802,SDKU-DS,6.3571429,.84189737,6.5,1.3636364,1,5.5833335,6.3333335,6.75,6.0769229,4.4444447,4.5714288,6.8571429,.53452247,7.5714288,7.2857141,.6462062,5.3076925,4.8461537,1.4366984,7.2142859,7.6428571,7.3846154,7.4285712,5.2307692,5.3846154,4.9285712,5.181818,5.5454545,3.2142856,6.4545455,3.1818182,3.2857144,4.1666665,3.5714285,3.4285715,6.2857141,public services vs taxes,deregulation,EU integration
28,slo,2803,Smer-SD,6.1428571,.77032888,6.5714288,1.4545455,1,5.9000001,5.8461537,6.8333335,5.1538463,4.5999999,5.0714288,3.6923077,.85485041,2.5714285,8.6428576,1.0894096,6.9285712,4.8461537,1.2066665,2.7142856,2.2142856,2.6428571,1.7142857,6.9230771,6.6923075,4.8571429,6.4615383,6.4166665,5.8571429,7.1538463,7,5,7.3076925,6.7857141,3.7142856,3.7857144,redistribution,state intervention,public services vs taxes
28,slo,2804,SMK-MKP,6.1428571,.77032888,5.8461537,1.6363636,1.1428572,5.4545455,5.5454545,6.75,5.7272725,5,4.818182,6.7692308,1.0919285,5.7142859,3.9285715,1.1387289,7.5,5.2142859,1.1602387,4.8333335,5.3076925,5.2142859,5.2142859,5.9230771,6.9230771,6.1538463,5,4.909091,7,6.8000002,1.7692307,4.5,.61538464,6,4,5.2727275,ethnic minorities,nationalism,urban vs rural
28,slo,2805,KDH,5,1.0377491,5.4285712,2.4000001,1.3846154,4.4166665,5.4615383,6.6666665,5.3846154,2.3,3.8461537,6.9285712,.91687477,6,6.0714288,1.1766968,8.9285717,9.2142859,.91687477,5.3571429,5.1428571,5.1428571,5.3571429,7.4285712,9.3571424,9.2142859,7.6153846,8.25,7,6.8333335,4.9230771,5.2307692,6.6923075,7.5,3.7857144,5.7142859,religious principles,social lifestyle,public services vs taxes
28,slo,2809,SNS,2.2857144,.99449033,5.4285712,3,2.3076923,2.8333333,3.0833333,4.75,2.3846154,2,1.5,8.3571424,1.691933,4.7692308,4,2.204308,9.3571424,7.7857141,.92878276,4.818182,4.5,5.0769229,4.2857141,9.0714283,9.8571424,8.1428576,9.3076925,9.666667,6.4285712,7.6363635,7.5833335,8,10,9.9285717,7,4.8333335,nationalism,ethnic minorities,tie: anti-elite and EU
28,slo,2812,SaS,2.8571429,1.1673206,6.9285712,3.8181818,2.0714285,3,5.8333335,4.3333335,3.25,3.1428571,1.8571428,7.2857141,1.2043875,8.5714283,8.7142859,.93761444,2.7857144,7.9285712,1.80506,8.8571424,9.2142859,8.3571424,8.8571424,4.3076925,2.2142856,1.7142857,4.5454545,4.6666665,2.5714285,6.4545455,3.4166667,4.3636365,4.5,3.2142856,5.6428571,7.3571429,deregulation,public services vs taxes,EU integration
28,slo,2813,MH,6.4285712,.75592893,6.2857141,1.9090909,1,5.25,6,6.8333335,5.9230771,4.4000001,5,6.2142859,.42581531,6.3571429,5.6428571,1.1507283,5.7857141,4.8571429,1.1217138,6,5.9230771,5.7857141,6.2857141,5.5,5.6153846,4.7692308,5.3636365,4.3636365,5.1428571,6.3636365,2.1666667,4.8000002,1,3.7857144,3.5,6.3571429,ethnic minorities,civil liberties,multiculturalism
28,slo,2814,OLaNO,3,.47140452,3.7857144,5.4444447,1.7692307,4,4.5,5.5,4.1111112,3.25,2.9000001,6.5,1.3816986,6.5454545,5.2142859,.93419874,8.083333,7.7857141,1.9752253,6.8333335,6.0833335,5.6666665,6.0999999,6.8333335,7.9230771,7,7.3636365,8.2222223,5.6923075,5.7777777,4,5.25,6.5,7.0769229,8.5,8.5,anti-elite rhetoric,corruption,state intervention
28,slo,2815,NOVA,4.2857141,1.2666473,5.0833335,2.5,1.3076923,4.375,5.2727275,5.5454545,4.8000002,4.125,3.2727273,7.0714288,1.0716118,7.0769229,6.0714288,1.255756,7.0769229,6.5714288,1.8466879,7.3333335,7.4615383,7,7.5833335,7.2307692,7.7142859,6.5384617,6.6999998,7.3636365,4.5,7.2857141,4.75,4.125,5.6666665,5.3000002,5.5384617,8,corruption,public services vs taxes,deregulation
28,slo,2816,Siet,5.181818,1.0787197,4.4545455,1.7777778,1.1818181,4.625,5.4444447,5.4444447,5.5555553,5.6666665,4.125,7.0769229,.86231649,7.1666665,6.3846154,1.0298573,7.1666665,6.3076925,1.5275252,6.909091,7.2727275,6.9000001,7,6.9166665,7.6666665,6.3846154,6,7,4.4545455,6.75,4.25,4.375,6,5.5,5.75,7.8461537,corruption,public services vs taxes,anti-elite rhetoric
29,sle,2902,SDS,6.3846154,.76794767,7.5384617,1.7272727,1.0769231,6,6.181818,6.0999999,6.3333335,4,5.5454545,8.6923075,1.1094004,8.6153851,6.0769229,1.1929278,8.3846149,7.2727275,1.5021353,7.909091,8.666667,7,7.7272725,7.4000001,8.5,8.1999998,7.8000002,8,7.125,6.090909,5.1999998,3,7.2222223,8.1111107,6.625,6.8888888,corruption,anti-elite rhetoric,deregulation
29,sle,2903,SD,5.8461537,.68873721,6.3076925,3.1818182,1.3846154,5.5999999,5.2727275,6,5.4444447,5.3333335,3.6363637,3.1538463,.80064076,3.4166667,6.1538463,1.2401124,3.5384614,5.5,1.0500305,3.1818182,3.5555556,3.1818182,3.9000001,4.090909,2.75,1.9,3.3333333,2.375,4.1111112,3.7272727,4.5999999,4.8333335,2.6666667,2.875,4.1428571,7.3333335,redistribution,public services vs taxes,corruption
29,sle,2904,SLS,6.0769229,.64051259,6.7692308,2.4545455,1.3846154,5.6999998,5.5454545,6.0999999,5.6666665,3.6666667,4.818182,6.4615383,.77625,6.3076925,5.7692308,1.315587,7.0769229,5.5454545,1.4411534,6.0999999,6.625,5.6999998,6,6,7.25,7,6.4444447,7.125,8.2222223,4.8000002,4.181818,3,5.625,7,5,6.875,urban vs rural,decentralization,corruption
29,sle,2905,NSI,6.4615383,.77625,7.2307692,2.3636363,1.0769231,5.8000002,5.6363635,6.0999999,5.8888888,4,5.2727275,7.8461537,1.2142318,8.0769234,6.8461537,1.6563785,8.3076925,7.5454545,1.5483656,7.818182,8.333333,7.0999999,8.090909,6.7272725,8.916667,8.6999998,7.4444447,8.2222223,8,6.0999999,4.5,2.6666667,6.2222223,7.625,5.875,7.5555553,tie: deregulation and services vs taxes,religious principles,corruption
29,sle,2906,DeSUS,5.7692308,.83205032,5.5384617,2.5,1.5833334,5.3000002,5.3000002,6.0999999,5.5555553,4.6666665,4.090909,4.1538463,1.1435437,4,5.5384617,1.5275252,5.3076925,4,1.315587,3.3636363,4.1111112,4.5555553,4.2727275,5.3000002,5.0999999,3,4.5,4.25,5.2222223,4.9000001,4.7777777,4.3333335,4.75,4.75,4.5,6.3333335,redistribution,public services vs taxes,EU integration
29,sle,2911,SMC,6.4166665,.51492864,6.1538463,2.0999999,1.1666666,5.8888888,6,6.3000002,6.2222223,4.8333335,4.818182,5.25,.9653073,5.3846154,6.3846154,.96076894,4.3846154,4.818182,1.4455945,5,5.8888888,5.3000002,5.6363635,4,4.6666665,3.8,3.5,3.625,4.2222223,4.5999999,5.25,4.4000001,3.8888888,3.7142856,4.7142859,8.666667,corruption,civil liberties,anti-elite rhetoric
29,sle,2912,ZL,3.6923077,1.0315535,4.5384617,1.2222222,2.7272727,5,3.7272727,5.5999999,4.1111112,5,1.7272727,1,.91287094,.66666669,6.6153846,.77849895,1.3076923,7.3636365,1.1094004,1.9,1.6666666,.36363637,1.3,1.9090909,1.1666666,.45454547,1.2222222,.875,2.8888888,1.4545455,3.1111112,6.7142859,.66666669,1,6.75,8.666667,public services vs taxes,redistribution,civil liberties
29,sle,2913,ZaAB,6.5833335,.51492864,7.2307692,2.5454545,1.0769231,6.3000002,6,6.3000002,6.1111112,5.3333335,4.5454545,4.1538463,.89871705,4.6923075,7,1.652504,3.3333333,5.2727275,1.6143298,5.5,5.875,4.8000002,4.5,4,3.2,2.5555556,2.7777777,2.75,3.5555556,4.5999999,5.1111112,5.1666665,3.25,3.375,4.25,6.875,state intervention,corruption,EU integration
29,sle,2914,PS,6.0769229,.75955451,6.1538463,3,1.5,5.4444447,5.4545455,5.9000001,5.3333335,4.8333335,3.8181818,3.3846154,1.2608503,4.1538463,6.6923075,2.034951,3.4615386,5.2727275,1.3913653,4.8000002,5.2222223,4.7272725,4.4545455,4.090909,3.5833333,2.5,2.7777777,2.875,3.2222223,4.7272725,5.1111112,5.8333335,2.875,2.75,4.625,6.4444447,tie: redistribution and social lifestyle,tie: corruption and social lifestyle,deregulation
31,cro,3101,HDZ,6.2222223,.66666669,7.6666665,1.5555556,1.5555556,5.8333335,6.125,6.875,6.125,3.8,4.375,7.3333335,.5,5.3333335,6.625,1.2247449,8.25,8.2222223,.70710677,6.5555553,6.4444447,5.5,5.3333335,7,8.1111107,8.4444447,7.1428571,7.8000002,6.5714288,6.5555553,6.625,2.125,6.7777777,8.1111107,2.7777777,4.7777777,nationalism,public services vs taxes,religious principles
31,cro,3102,SDP,6.5555553,.52704626,8.7777777,1.2222222,1,6.1666665,6.25,6.875,6.25,5.4000001,5,3.5555556,.52704626,4.7777777,7.375,1.4813657,2.25,7.4444447,.46291006,5,5.6666665,4.25,4.3333335,3,2,2.1111112,3.7142856,3.2,2.2857144,5.5555553,4.625,3.375,2.2222223,2.2222223,1.7777778,6.3333335,public services vs taxes,EU integration,redistribution
31,cro,3103,HSS,5,1.0690449,6.2222223,1.6666666,1.7142857,4.5,4.1666665,6,5.1999998,3.75,3.4285715,7.1111112,.92796075,3.875,6.375,1.4577379,8.75,7,.88640529,5.125,4.125,4,3.625,7.125,8.8888893,9.333333,8,8.3999996,9.4444447,4.4444447,4.5714288,4.4000001,7.4444447,8.2222223,3.8571429,4.5714288,urban vs rural,religious principles,tie: social lifestyle and state intervention
31,cro,3104,HSLS,6.3333335,.5,6.6666665,1,1.1111112,6,6,6.5714288,5.8000002,5,4.625,5.3333335,.5,7.1111112,7.625,1.2692956,3.25,7,1.5811388,7.4444447,7.6666665,7,7.6666665,3.2857144,2.8888888,4.1111112,4.2857141,4.8000002,3.5,6.6666665,4.2857141,3.5,4.125,4.5555553,2.875,6.2222223,public services vs taxes,deregulation,EU integration
31,cro,3105,HNS,7,0,9.333333,1.1111112,1,6,6.75,6.875,6.5,5.5999999,5.375,4,.86602539,6.1111112,7.625,.78173596,1.75,7.6666665,1.0350983,6.5555553,7.3333335,6.25,6.3333335,2.5,1.3333334,1.6666666,3,2.2,1.8571428,6.6666665,4.375,3.7142856,1.5555556,1.4444444,1.4444444,5.3333335,EU integration,public services vs taxes,deregulation
31,cro,3106,IDS,6.7777777,.44095856,8.666667,.71428573,1.1111112,6,6.375,6.875,6.1428571,5.25,4.75,3.3333333,.86602539,5.3333335,6.75,.70710677,1.875,7,.99103123,5.5714288,5.8888888,4.8571429,5.2222223,2.25,1.6666666,2.1111112,3,2.2,3.7142856,5.5555553,2,4.25,1.2222222,1.1111112,2.1111112,4.875,decentralization,EU integration,multiculturalism
31,cro,3107,HDSSB,4.75,1.4880476,6.2222223,1.1666666,1.6666666,3.3333333,4,6.125,4.4000001,3.5,2.5714285,8.4444447,1.1303884,5,5.625,1.5491934,8.625,6.6666665,1.0606601,5.1666665,4.5999999,3.8333333,4.1428571,7.4285712,8.5555553,8.5,7.5,8.3999996,8.25,6.1428571,2.375,4.4000001,8.4444447,8.5555553,6.7777777,5.1428571,decentralization,nationalism,urban vs rural
31,cro,3109,HSP,2.8571429,.69006556,5,1.75,2.8571429,2.6666667,3.3333333,5.5999999,3,2.75,1.8571428,9.25,.70710677,4.7142859,4.875,1.7043362,9.375,7.8888888,.7440238,5.8000002,4.5999999,4.25,4.1999998,8.666667,9.2222223,9.1428576,8.666667,9.1999998,7.4000001,5.5999999,6.8000002,4.4000001,8.8888893,9.5555553,6.7142859,6,nationalism,tie: ethnic and social lifestyle,anti-elite rhetoric
31,cro,3112,HL-SR,5.5555553,.88191712,6.1111112,1.75,1.7777778,5,3.75,5.875,4.2857141,5,2.75,2,1.3228756,2,8.875,1.118034,2.125,6,1.3562027,3.1111112,2.2222223,1.25,2.1111112,2.4285715,2.3333333,2.5555556,3.8571429,3.5999999,2.7142856,4.75,3,6.1999998,2.2857144,2.6666667,7.8888888,7.75,redistribution,state intervention,anti-elite rhetoric
31,cro,3113,HSP-AS,3.625,1.3024702,7,4,2.5,4.4000001,3.5714285,5.5714288,3.5714285,3,2.1666667,9,.70710677,4.75,5.125,1.3887302,9.25,7.7777777,.70710677,6.1666665,5.4285712,4,4.8571429,8.666667,9.2222223,8.7777777,8.7142859,9,7,5.5999999,6.8000002,4.4000001,8.7777777,9.333333,7.75,7,nationalism,tie: EU and social lifestyle,ethnic minorities
31,cro,3114,ORaH,6.1111112,.78173596,8.1111107,1,1.2222222,6.1666665,4.75,6.375,4.4285712,5.75,4,2.4444444,.72648317,3,6.5,1.2247449,1,7.8888888,.53452247,4.7777777,3,3.125,2.375,1.2857143,.77777779,1.1111112,1.8333334,1,3.1428571,1.1111112,2.5714285,7,1.2222222,.77777779,4.4444447,7.125,environment,social lifestyle,tie: civil liberties and multiculturalism
34,tur,3401,AKP,3.4545455,1.4396969,3.4545455,2.7,1.9,1.8333334,5.875,5.5,3,4.8888888,3.375,7.9000001,.56764621,7.3333335,8.5,2.1213202,9.6000004,8.3000002,.69920588,7.2857141,6.6999998,7.3000002,4.0999999,9.1000004,9.5,9.3999996,2.8888888,6.4285712,4.75,9.6000004,6.5,3.3333333,5,7.5,7.4000001,1.1,religious principles,social lifestyle,anti-elite rhetoric
34,tur,3402,CHP,5.181818,1.401298,4.4545455,4.6999998,1.3636364,5.1666665,5.5,5.1666665,4.125,6,3.5,3.5999999,.69920588,3.3333333,6.9000001,1.118034,3.9000001,7.8000002,2.1832697,3.7142856,3.4000001,3.4000001,3.2222223,3.0999999,3.2,1.3,4.5,3.2857144,3.125,3.0999999,6,8,5.0999999,5,3.5,9.3999996,corruption,civil liberties,social lifestyle
34,tur,3403,MHP,2.2727273,.64666981,2.2727273,2.4444444,2.8181818,2.1666667,4.25,3,2.5,3,2.1428571,8.6000004,.96609181,5.6666665,4,1.8027756,9.1000004,7.0999999,.73786479,5.5714288,4.8000002,5.6999998,3.8888888,7.6999998,8.8000002,6.0999999,7,8.8571424,5.4285712,6,9.3999996,4.3333335,9.3999996,9.4444447,4,8.1999998,nationalism,corruption,international security
34,tur,3407,HDP,6.181818,.75075722,5.818182,2.3333333,1.0909091,6,4.8571429,6.5,5.125,6.3333335,5.3333335,2,1.3333334,1.7777778,4.0999999,1.0929065,2.4000001,7.4000001,1.0749677,3.4285715,2.5999999,1.5,3.2222223,1.1,1.1,1.4444444,2.6666667,.71428573,6.5,1.6,.2,7.375,.2,1.7,6.6999998,6.6999998,ethnic minorities,decentralization,civil liberties
35,nor,3501,AP,5.75,,4,5.3333335,1,5,6,5,6,5,4.3333335,3.5,,3.75,6.6666665,,3.25,5.75,,3.3333333,3.6666667,4.6666665,4.6666665,5.3333335,4.3333335,4,5.3333335,4.6666665,4,4.3333335,5,3.6666667,5,4.3333335,2,.33333334,,,
35,nor,3502,FrP,3.5,,1.75,5.3333335,2.3333333,2.5,4,,4,2,2,8.25,,7.5,5.6666665,,7.5,6.25,,7,7.3333335,6,5.3333335,8.333333,7,6.3333335,9,8.666667,5.6666665,8,5.5,4.5,7.3333335,8,6.6666665,1,,,
35,nor,3503,H,6.5,,4.5,1.25,1,5.5,6.75,4.5,6,6,4.6666665,7.25,,7.25,7.3333335,,5,5.25,,6.6666665,7,6.6666665,6,6.6666665,5,5.3333335,6.3333335,5.6666665,5,6,6.6666665,3.3333333,6,4.6666665,2,.33333334,,,
35,nor,3504,SV,1.5,,5.75,1,3,5,1.75,4.5,1.6666666,4,1,1.75,,1.5,5.6666665,,2,7,,1.6666666,2,4.6666665,4.3333335,3,4.3333335,2,2,2.6666667,4,2,3,7,3.6666667,4.3333335,6.3333335,.66666669,,,
35,nor,3505,Sp,1.25,,7.5,0,3,1.5,1,1.5,2.6666667,2,1,4.5,,4.5,5.3333335,,6.25,4.75,,3.3333333,2.6666667,5.3333335,5.3333335,5.6666665,5.3333335,6.3333335,5.6666665,6.3333335,6.6666665,4,1.3333334,5,5,7.6666665,4.6666665,.33333334,,,
35,nor,3506,KrF,2.75,,3.25,3.3333333,3,3,3.5,5,3.6666667,3,2,5.75,,5.25,4.3333335,,8.25,7,,4.3333335,4,6,6,5,6,9,3,6.3333335,5.3333335,3.3333333,2.6666667,5,5.3333335,7.3333335,3.6666667,.33333334,,,
35,nor,3507,V,3.5,,3.25,4.3333335,2.5,3,4,5.5,4,4,2.6666667,6.5,,6.75,5.6666665,,2.5,6.75,,5.3333335,5,6.6666665,7,3.6666667,4.6666665,4.6666665,2.3333333,3,6,2.3333333,2.3333333,5,4,3.6666667,3.6666667,.33333334,,,
35,nor,3508,MDG,1.5,,4,.5,2.6666667,3,2.6666667,2,2.6666667,2,1.5,2.5,,2.25,3.3333333,,3,5.5,,2.5,2.5,4.6666665,5,2.5,4.6666665,2.5,2,2,3,.66666669,2,,1,3,7,.33333334,,,
36,swi,3601,SVP/UDC,1,0,8.8888893,.8888889,3,1,2.3333333,2.25,4,1,1,8.25,.46291006,7.5,5.375,1.1952286,9.375,7.375,.91612536,8.125,6.25,7.5,7.375,9,8.125,4.8333335,8.625,9.5,8.1428576,8,1,9.375,9,8.625,8.375,1.1428572,immigration,EU integration,anti-elite rhetoric
36,swi,3602,SP/PS,6.1111112,.60092521,6.1111112,2.6666667,1.3333334,3,5.8333335,5.75,4,4,2,2.125,.64086992,2,7.5,1.0690449,1.625,6.875,.91612536,1.625,2.25,1.25,2.25,2.25,.875,1.5,3.25,1.875,1.7142857,1.875,5.75,3.375,1.8333334,2.5,3.25,2,redistribution,EU integration,public services vs taxes
36,swi,3603,FDP/PLR,3.7777777,.9718253,5.3333335,4.8888888,2.6666667,3,6.5,5.25,4,4,2,6.875,.35355338,7.875,7.875,.35355338,4.75,4.625,1.0350983,6.625,8.25,7.875,7.75,6.125,3.5,2.4285715,6.25,5.5,3.2857144,7.375,2.5,3.375,5.1666665,5.625,2.875,1,public services vs taxes,state intervention,EU integration
36,swi,3604,CVP/PVC,3.6666667,.86602539,4.5555553,4.375,2.5555556,3,5.6666665,5.25,4,4,2,5.5,.92582011,5.625,6.125,.51754916,6.5,4.75,.92582011,5.375,5.5,4.125,5.25,5.875,5.875,7.1428571,6.125,6.375,6,5.875,2.625,4.5,5.8333335,6.25,3,1,tie: civil liberties and multiculturalism and services vs taxes and redistribution,immigration,tie: deregulation and ethnic and state intervention
36,swi,3605,GPS/PES,5.5555553,.52704626,4.5555553,3.25,1.8888888,3,5.5,5.5,4,4,4,1.875,.83452296,1.75,5.25,.70710677,1.125,7.375,1.5526475,3.125,1.875,1.625,2.5,1.875,1,1.3333334,2.625,1.75,1.7142857,.75,5.375,5.25,1.6666666,2.25,3.25,1.7142857,environment,public services vs taxes,EU integration
36,swi,3606,GLP/PVL,5,1,3.4444444,2.75,1.7777778,3,5.8000002,5.3333335,4,4,4,5.25,.88640529,6.75,6.375,.70710677,2.75,5.375,1.2817398,6.25,6.5,6.125,7,3.8571429,1.875,1.6,3.8571429,3.375,2,3.875,4.25,3.5,2.6666667,3.5,3.375,1.4285715,environment,tie: deregulation and state intervention,public services vs taxes
36,swi,3607,EVP/PEV,3.6666667,1.5055453,3.3333333,3.4000001,2.1428571,3,4.8000002,5,4,4,4,5.25,1.3887302,4.875,4,.99103123,7.375,5.875,1.0606601,3.8,4.3333335,4.1666665,4.8333335,5.75,7.375,7.7142859,5.75,6.25,6,4.5714288,3.3333333,5.5,6.1666665,6.5714288,3.5999999,1.5,religious principles,multiculturalism,social lifestyle
36,swi,3608,EDU/UDF,1.625,1.0606601,4.1111112,1.7142857,2.75,3,2,3.3333333,4,2.5,4,8.5,1.3093073,5.8333335,3.5,1.3291601,9.125,6,1.1259916,5.5,5,5.25,5.25,8.166667,9,9.166667,7.625,8.75,6.7142859,6.1999998,2.5999999,8,8.166667,7.875,6.25,.80000001,religious principles,social lifestyle,multiculturalism
36,swi,3610,LdT,1.5,1.4142135,6.1111112,1,2.875,6,1.6666666,1.75,3,2.5,3,7.5,3.207135,4.5714288,4.5,2.2990682,8.25,5,2.3754699,5.1666665,4.8000002,4,4.5,8,7.7142859,5,8.375,8.625,5.8571429,7.1428571,1.5714285,7.1999998,7.8333335,7.75,7,1.3333334,immigration,anti-elite rhetoric,public services vs taxes
36,swi,3611,CSP/PCS,4.4285712,.78679579,3.8888888,2.25,2.3333333,,6,6,,,,4.1428571,1.0690449,3.625,5.875,1.3024702,4.8571429,6.125,1.9518001,4.25,3.8571429,3.2857144,4.3333335,4.1666665,5.1428571,7,4.8571429,5,5,4.6666665,4.1666665,4.25,4.3333335,4.7142859,2.7142856,1.1666666,public services vs taxes,redistribution,multiculturalism
36,swi,3612,BDP,3.625,.91612536,4.7777777,3.5,2.7142856,3,5.6666665,4.6666665,4,4,3,6.25,1.0350983,6.25,6,.70710677,6.75,5.375,1.6690459,6,6.875,6.125,6.375,6.75,5.5,4.1999998,6.125,6.2857141,7.1428571,6,2.125,5.4000001,6.5,6,3,1.2857143,state intervention,public services vs taxes,EU integration
37,mal,3701,PL,5.5999999,,6.1999998,3,1,5.5,6,6.75,5.6666665,4.3333335,3.25,5,,5.25,8.5,,2.25,7.5,,6,6.5,4.5,4,4.25,1.75,2,8.5,6.25,3,7.5,7,7.3333335,5.75,6.75,3.3333333,3,,,
37,mal,3702,PN,7,,7.8000002,.80000001,1,5.75,6.25,6.75,6.75,4,5.75,6.5,,6.25,8.5,,4.75,5.25,,6.3333335,7,5.5,6.75,4.75,4.5,7.5,6.75,5,5,5.75,2.3333333,4.3333335,4.5,7,4.3333335,8,,,
38,lux,3801,CSV,7,,8,2.3333333,1,7,6,6,6.5,3,6.5,6.5,,4.5,7.5,,6,3,,4.5,6,4.5,6,5,5.5,7.5,7.5,7,7,5.5,5,1.5,7,5.5,2.5,2.5,,,
38,lux,3802,GRENG,6.3333335,,6,3,1.3333334,7,6.5,6,6.5,4.5,4.5,3,,4,5,,.5,9,,6,5,4,4.5,2,1,2.5,4.5,5.5,2.5,1,4,5,3,4,6.5,7,,,
38,lux,3803,DP,6.3333335,,5.6666665,2.6666667,1,7,6.5,5,6.5,3.5,6.5,5,,7.5,8,,.5,9.5,,7.5,8,5,8,2,1,1.5,6.5,6.5,3.5,7,4,1.5,4.5,5.5,5,5,,,
38,lux,3804,LSAP,6.3333335,,5.6666665,3.6666667,1,6.5,5,6.5,6.5,4.5,4.5,4,,4.5,7.5,,1,9,,5.5,5.5,2.5,5.5,2,1,.5,6,6.5,2,6,5,1.5,4,4.5,5,6,,,
38,lux,3805,ADR,3,,4,1.3333334,2,7,2,4.5,5.5,1,2,8,,7,7,,8.5,6.5,,5,6,6,7,7,8,8,9.5,9,8.5,4.5,,3,9.5,9,9,8,,,
38,lux,3806,DL,3.6666667,,3.6666667,1.3333334,2.5,7,2.5,6.5,5.5,4,1,.5,,.5,8.5,,.5,8,,.5,0,0,1,1.5,.5,.5,2,3.5,2.5,2,,8.5,1.5,1,9,8,,,
40,cyp,4001,DISY,6.75,,6,1,1.25,5.6666665,6.75,6.25,6.75,4.5,4.75,7.5,,8.5,9.75,,6,2.25,,7,9.5,8.5,7,7,4,6,6.5,6,3,7,7,1.5,6,4.5,3.5,7.5,,,
40,cyp,4002,EVROKO,6,,5.5,1,1.25,5.6666665,6.25,6.25,6.75,2.75,4,8.666667,,8.5,8.75,,7.25,2,,6.5,8.5,7.5,6,8,5.5,8,8,7,3,6,6,2,8,8,4.5,7.5,,,
40,cyp,4003,AKEL,4.5,,6.5,2.5,2.5,6.75,3.75,6,3.25,4.25,2,2,,2,9.75,,3.25,2.75,,3.5,2,2.5,2,2,3.5,2,3,3,5,3,3,9.5,2.5,3.5,6.5,7.5,,,
40,cyp,4004,DIKO,5.5,,5.25,1.5,1.5,6.3333335,6.25,6.25,5.6666665,2.5,3.3333333,6,,6.25,9,,6.25,2,,6.5,7,6,5.5,7,5,7,7,7,3,5,5,4,8,7.5,3.5,7.5,,,
40,cyp,4005,EDEK,5.75,,6.25,1.5,1.5,6.5,5.75,6.25,6,2.75,3.3333333,4.75,,4.5,9,,4.5,2.25,,5,5,4.5,4,5,4.5,6,7,6,3,4,4,4,7,7.5,6.5,7.5,,,
40,cyp,4006,KOP,5.5,,6,1.5,1.5,6,5,6.25,5.6666665,2.75,3.6666667,5.25,,4.6666665,8.75,,4,2,,5,5,4.5,4,5,4,4.5,7,5,4,1.5,4,5,7,7,7.5,7.5,,,
