"","iso","year","gdp.pct.share"
"1","ALB",1,0.149877699008363
"2","AUS",1,0.165016795269015
"3","AUT",1,0.229950391248952
"4","BEL",1,0.242924396789158
"5","BGR",1,0.374694247520909
"6","CAN",1,0.0335381170894338
"7","CHE",1,0.242924396789158
"8","CHN",1,21.1211385642934
"9","CSK",1,0.749388495041817
"10","DEU",1,1.60327091839083
"11","DNK",1,0.0815924622907101
"12","DZA",1,2.29799706115691
"13","EGY",1,4.25117694381027
"14","ESP",1,2.81387426280775
"15","ETH",1,0.232833692347932
"16","FIN",1,0.00802389708929047
"17","FRA",1,4.04873994648597
"18","GBR",1,0.330673967729888
"19","GRC",1,2.15932797145918
"20","HUN",1,0.224816548512545
"21","IDN",1,0.976665598592132
"22","IND",1,26.160685676575
"23","IRN",1,3.77882395005357
"24","IRQ",1,0.944705987513392
"25","ITA",1,9.5380601253597
"26","JPN",1,1.15171317101842
"27","LBY",1,0.996966003983479
"28","MAR",1,0.465667384695865
"29","MEX",1,0.966370655984887
"30","MOZ",1,0.0232833692347932
"31","NLD",1,0.0959635049848396
"32","NOR",1,0.0855806970733497
"33","POL",1,0.337224822768818
"34","PRT",1,0.323899195718877
"35","ROU",1,0.599510796033454
"36","RUS",1,2.92261513066309
"37","SDN",1,0.93133476939173
"38","SWE",1,0.0840611662585949
"39","TUN",1,0.755764790010714
"40","TUR",1,6.07079635404525
"41","USA",1,0.257876593876275
"42","YUG",1,1.12408274256273
"43","ZAF",1,0.0465667384695865
"44","ALB",1600,0.048782578785795
"45","AUS",1600,0.0610544235583031
"46","AUT",1600,0.676550999077908
"47","BEL",1600,0.803640966158405
"48","BGR",1600,0.304891117411219
"49","BRA",1600,0.117063544655366
"50","CAN",1600,0.0314737161857451
"51","CHE",1600,0.415311855808835
"52","CHN",1600,23.9658388269275
"53","CSK",1600,1.09760802268039
"54","DEU",1600,5.02776530803359
"55","DNK",1600,0.191191455986073
"56","DZA",1600,0.301461344245645
"57","EGY",1600,1.23437940605667
"58","ESP",1600,2.47340775610479
"59","ETH",1600,0.301461344245645
"60","FIN",1600,0.0931724135103098
"61","FRA",1600,5.92028227574763
"62","GBR",1600,1.86855060475563
"63","GRC",1600,0.262291379609628
"64","HUN",1600,0.304891117411219
"65","IDN",1600,1.75250196421908
"66","IND",1600,27.4402005670097
"67","IRL",1600,0.231635500285464
"68","IRN",1600,0.991142198480048
"69","IRQ",1600,0.247785549620012
"70","ITA",1600,7.01139751444271
"71","JPN",1600,3.21855201384715
"72","LBY",1600,0.0669914098323657
"73","MAR",1600,0.301461344245645
"74","MDG",1600,0.107186255731785
"75","MEX",1600,0.457577506383345
"76","MOZ",1600,0.167478524580914
"77","NLD",1600,0.694021119475867
"78","NOR",1600,0.15625155187099
"79","NZL",1600,0.0122534842215838
"80","PER",1600,0.244201890248796
"81","POL",1600,1.21956446964487
"82","PRT",1600,0.342267974774742
"83","ROU",1600,0.48782578785795
"84","RUS",1600,5.95233081604425
"85","SDN",1600,0.562727842591871
"86","SWE",1600,0.19518426112288
"87","TUN",1600,0.133982819664731
"88","TUR",1600,1.56600467359848
"89","USA",1600,0.173854071178452
"90","YUG",1600,0.670760458304681
"91","ZAF",1600,0.0937879737653119
"92","ALB",1800,0.0431974779941167
"93","AUS",1800,0.0322345833210247
"94","AUT",1800,0.664924146534138
"95","BEL",1800,0.705017602669209
"96","BGR",1800,0.21181540014419
"97","BRA",1800,0.44991991164941
"98","CAN",1800,0.100448271785609
"99","CHE",1800,0.576344173249912
"100","CHN",1800,29.0086093209586
"101","CSK",1800,1.10048182683654
"102","DEU",1800,4.68394332562755
"103","DNK",1800,0.241203478060442
"104","DZA",1800,0.362501733197068
"105","EGY",1800,0.663902484118756
"106","ESP",1800,1.88076427671108
"107","ETH",1800,0.216340186424656
"108","FIN",1800,0.129597150379118
"109","FRA",1800,5.52964349848469
"110","GBR",1800,6.33460125753749
"111","GRC",1800,0.261920181242023
"112","HUN",1800,0.386430557669704
"113","IDN",1800,1.5978820978382
"114","IND",1800,15.223958036243
"115","IRL",1800,1.08082189290579
"116","IRN",1800,0.983426544404336
"117","IRQ",1800,0.41809249706632
"118","ITA",1800,5.34286968626058
"119","JPN",1800,3.09324882000671
"120","LBY",1800,0.0377736833439876
"121","MAR",1800,0.179928250285859
"122","MDG",1800,0.111485651624967
"123","MEX",1800,0.980529202518863
"124","MOZ",1800,0.141858534940743
"125","NLD",1800,0.788857006735972
"126","NOR",1800,0.229553134342252
"127","NZL",1800,0.00656663471877736
"128","PER",1800,0.148755154048962
"129","POL",1800,1.07903173855903
"130","PRT",1800,0.539597985116093
"131","ROU",1800,0.598767456542193
"132","RUS",1800,9.352859620863
"133","SDN",1800,0.35736983176224
"134","SWE",1800,0.344278014223715
"135","TUN",1800,0.0623682382189484
"136","TUR",1800,1.18198596359818
"137","USA",1800,1.69776639770219
"138","YUG",1800,0.50107336144081
"139","ZAF",1800,0.335453720092974
"140","AFG",1850,0.190287906843934
"141","ALB",1850,0.0435841236702943
"142","ARG",1850,0.175337261580761
"143","AUS",1850,0.157464507505616
"144","AUT",1850,0.819537441583715
"145","BEL",1850,0.977272156152218
"146","BGR",1850,0.217920618351472
"147","BOL",1850,0.07772042765379
"148","BRA",1850,0.589131313408504
"149","CAN",1850,0.405293552286543
"150","CHE",1850,0.749084126440984
"151","CHL",1850,0.120453174266032
"152","CHN",1850,20.4365303215945
"153","COL",1850,0.1168069018232
"154","CRI",1850,0.00571307364849548
"155","CSK",1850,1.35703628986905
"156","CUB",1850,0.111294271631983
"157","DEU",1850,7.05783342928026
"158","DMA",1850,0.000169695256886004
"159","DNK",1850,0.345143110461104
"160","DOM",1850,0.00825850250178555
"161","DZA",1850,0.528640886227877
"162","ECU",1850,0.0461571098729932
"163","EGY",1850,0.787775638367833
"164","ESP",1850,2.1785678682792
"165","ETH",1850,0.373027419453062
"166","FIN",1850,0.182168873537893
"167","FRA",1850,6.92497698212267
"168","GBR",1850,8.37343753439048
"169","GRC",1850,0.428252812907836
"170","GTM",1850,0.0480803227843679
"171","HKG",1850,0.00143849363914136
"172","HND",1850,0.0197977799700339
"173","HTI",1850,0.0530580503196907
"174","HUN",1850,0.449875324524778
"175","IDN",1850,1.32802267958264
"176","IND",1850,12.0547576769412
"177","IRL",1850,0.76962992149486
"178","IRN",1850,0.898318189019548
"179","IRQ",1850,0.407541028177251
"180","ITA",1850,5.35339802478495
"181","JAM",1850,0.0306134594582785
"182","JOR",1850,0.0235295904254315
"183","JPN",1850,2.48770345821261
"184","KHM",1850,0.111111232816436
"185","KOR",1850,0.473462820193251
"186","LAO",1850,0.0317956697479177
"187","LBN",1850,0.0821117696029762
"188","LBY",1850,0.0320171761687388
"189","LKA",1850,0.131675034580695
"190","MAR",1850,0.202031091293166
"191","MDG",1850,0.11891651175343
"192","MEX",1850,0.697332200050005
"193","MMR",1850,0.195039896175994
"194","MNG",1850,0.0321627336420434
"195","MOZ",1850,0.153866884383471
"196","MYS",1850,0.0262897113360318
"197","NIC",1850,0.0169695256886004
"198","NLD",1850,0.958420536018335
"199","NOR",1850,0.309705156834084
"200","NPL",1850,0.215873252329076
"201","NZL",1850,0.0123029061242353
"202","OMN",1850,0.0149345401680235
"203","PAN",1850,0.0076362865598702
"204","PER",1850,0.144966089239259
"205","PHL",1850,0.179166862916503
"206","POL",1850,1.13318721542765
"207","PRI",1850,0.0279997173861907
"208","PRK",1850,0.220466511328541
"209","PRT",1850,0.441943884248871
"210","PRY",1850,0.0197977799700339
"211","PSE",1850,0.0185413737019636
"212","ROU",1850,0.697345978724709
"213","RUS",1850,6.42865824136841
"214","SAU",1850,0.398915746057155
"215","SDN",1850,0.293370018064107
"216","SGP",1850,0.0027777808204109
"217","SLV",1850,0.0207028213400925
"218","SWE",1850,0.456430637794416
"219","SYR",1850,0.0637963661754371
"220","THA",1850,0.259424887334804
"221","TTO",1850,0.00452520685029345
"222","TUN",1850,0.0705344745956382
"223","TUR",1850,1.08996919549541
"224","TWN",1850,0.109127103659
"225","URY",1850,0.0232134409099188
"226","USA",1850,4.83076709169908
"227","VEN",1850,0.204129180243116
"228","VNM",1850,0.443313977646006
"229","YEM",1850,0.117842721671232
"230","YUG",1850,0.523009484043532
"231","ZAF",1850,0.241779945516061
"232","AFG",1900,0.119798117943883
"233","ALB",1900,0.0286167114507541
"234","ARG",1900,0.69445162137664
"235","AUS",1900,0.799187056799529
"236","AUT",1900,0.874411655020766
"237","BEL",1900,1.20487250534239
"238","BGR",1900,0.245818231171232
"239","BOL",1900,0.0766665371246918
"240","BRA",1900,0.596939444698504
"241","CAN",1900,0.787201787428778
"242","CHE",1900,1.33058040438084
"243","CHL",1900,0.255989696597823
"244","CHN",1900,9.09359872472774
"245","COL",1900,0.126848495298592
"246","CRI",1900,0.00942321238211148
"247","CSK",1900,1.15323366710734
"248","CUB",1900,0.0526050038031678
"249","DEU",1900,9.60643937312735
"250","DMA",1900,0.000349007866004129
"251","DNK",1900,0.406652024260407
"252","DOM",1900,0.0163399137265569
"253","DZA",1900,0.508664824276947
"254","ECU",1900,0.0520889772312047
"255","EGY",1900,0.76310846991125
"256","ESP",1900,1.72204037667897
"257","ETH",1900,0.265603284230942
"258","FIN",1900,0.209376770848665
"259","FRA",1900,5.62693192131558
"260","GBR",1900,8.97758883818751
"261","GHA",1900,0.0608363528648689
"262","GRC",1900,0.346122816341713
"263","GTM",1900,0.0412463841641243
"264","HKG",1900,0.00602450915513213
"265","HND",1900,0.0158639939092786
"266","HTI",1900,0.0494956609969492
"267","HUN",1900,0.854808182303431
"268","IDN",1900,1.6740453938427
"269","IND",1900,6.64285336094227
"270","IRL",1900,0.294975278527452
"271","IRN",1900,0.547463532532728
"272","IRQ",1900,0.208474790940633
"273","ITA",1900,3.72983537472746
"274","JAM",1900,0.0238566343863412
"275","JOR",1900,0.0162343690615454
"276","JPN",1900,2.39806073240069
"277","KHM",1900,0.0647760299856769
"278","KOR",1900,0.224975632449764
"279","LAO",1900,0.0271882740941351
"280","LBN",1900,0.0440698187541448
"281","LBY",1900,0.0361717410811274
"282","LKA",1900,0.214774395900989
"283","MAR",1900,0.202468647384325
"284","MDG",1900,0.117696265487915
"285","MEX",1900,0.864641368334234
"286","MMR",1900,0.23129568356345
"287","MNG",1900,0.0160903827667654
"288","MOZ",1900,0.0763256533723382
"289","MYS",1900,0.0507422808839808
"290","NIC",1900,0.0151659781772703
"291","NLD",1900,0.902345731343025
"292","NOR",1900,0.401197329844953
"293","NPL",1900,0.120103705156842
"294","NZL",1900,0.16733938421815
"295","OMN",1900,0.0162759593716742
"296","PAN",1900,0.00834446079628054
"297","PER",1900,0.122583585778139
"298","PHL",1900,0.166503792649765
"299","POL",1900,2.38915703286067
"300","PRI",1900,0.0304271403179963
"301","PRK",1900,0.1086753778293
"302","PRT",1900,0.356689730401063
"303","PRY",1900,0.0139603146401652
"304","PSE",1900,0.0244596978007495
"305","ROU",1900,0.386067796373912
"306","RUS",1900,12.4354410419593
"307","SAU",1900,0.169054537826217
"308","SDN",1900,0.234163433708962
"309","SGP",1900,0.0175104508948768
"310","SLV",1900,0.0243036386690148
"311","SWE",1900,0.527531937207879
"312","SYR",1900,0.0723210032641315
"313","THA",1900,0.166412856662518
"314","TTO",1900,0.00850310073537332
"315","TUN",1900,0.066110459322214
"316","TUR",1900,0.706579932063341
"317","TWN",1900,0.0635187870922233
"318","URY",1900,0.089211015942793
"319","USA",1900,13.9918531389484
"320","VEN",1900,0.155123962426067
"321","VNM",1900,0.37909415511549
"322","YEM",1900,0.121851524918443
"323","YUG",1900,0.525409326033901
"324","ZAF",1900,0.329868484176578
"325","AFG",1950,0.212715856177132
"326","AGO",1950,0.231106837560388
"327","ALB",1950,0.023884738610519
"328","ARE",1950,0.106730066711947
"329","ARG",1950,1.63907841372991
"330","ARM",1950,0.0129072766588923
"331","AUS",1950,1.214696073994
"332","AUT",1950,0.486259687536838
"333","AZE",1950,0.0274815447681949
"334","BDI",1950,0.0138200492709111
"335","BEL",1950,0.844602891148802
"336","BEN",1950,0.0242971355463283
"337","BFA",1950,0.0237309313024844
"338","BGD",1950,0.55733188848399
"339","BGR",1950,0.226991467942209
"340","BHR",1950,0.0216813574557302
"341","BIH",1950,0.0465610379925454
"342","BLR",1950,0.13506549037507
"343","BOL",1950,0.0959151363909834
"344","BRA",1950,1.68993612695963
"345","BRB",1950,0.00624386091737042
"346","BWA",1950,0.00365499673470126
"347","CAF",1950,0.0178316528757306
"348","CAN",1950,1.8854670389259
"349","CHE",1950,1.08311091041982
"350","CHL",1950,0.340814211569822
"351","CHN",1950,3.80067672971421
"352","CIV",1950,0.0777669651844166
"353","CMR",1950,0.0797358209351092
"354","COD",1950,0.232597534820899
"355","COG",1950,0.0247492282104739
"356","COL",1950,0.431820214990939
"357","COM",1950,0.00116110550954721
"358","CPV",1950,0.00234340098732678
"359","CRI",1950,0.0287022375159074
"360","CSK",1950,0.88719633127385
"361","CUB",1950,0.242453663371221
"362","CYP",1950,0.0188873977605345
"363","CZE",1950,0.156107161564037
"364","DEU",1950,5.84917320835883
"365","DJI",1950,0.00274892373158797
"366","DMA",1950,0.000833610295064354
"367","DNK",1950,0.581368110271116
"368","DOM",1950,0.0612851743890114
"369","DZA",1950,0.482776320618542
"370","ECU",1950,0.126273224802427
"371","EGY",1950,0.744555274495904
"372","ESP",1950,1.25483646432082
"373","EST",1950,0.0191701343500487
"374","ETH",1950,0.122426514503441
"375","FIN",1950,0.301220243091166
"376","FRA",1950,3.95780004954887
"377","GAB",1950,0.03512847182619
"378","GBR",1950,5.93229028044521
"379","GEO",1950,0.0334922396551034
"380","GHA",1950,0.101839663832407
"381","GIN",1950,0.0193568068405323
"382","GMB",1950,0.00339758553976339
"383","GNB",1950,0.00310736371945237
"384","GNQ",1950,0.0020536592692826
"385","GRC",1950,0.304135445878311
"386","GTM",1950,0.103084045262423
"387","HKG",1950,0.0732931540336021
"388","HND",1950,0.0371774937440314
"389","HRV",1950,0.0671129612236651
"390","HTI",1950,0.0839747420518671
"391","HUN",1950,0.614809055363572
"392","IDN",1950,1.27099349866695
"393","IND",1950,3.2277711856954
"394","IRL",1950,0.225764042851345
"395","IRN",1950,0.854552748755311
"396","IRQ",1950,0.537554642994679
"397","ISL",1950,0.0122345660917137
"398","ISR",1950,0.0588224788997875
"399","ITA",1950,3.32289499352504
"400","JAM",1950,0.039019984395806
"401","JOR",1950,0.0209471019538134
"402","JPN",1950,2.76432535775145
"403","KAZ",1950,0.0637552787291261
"404","KEN",1950,0.0999160031632897
"405","KGZ",1950,0.0165651321843643
"406","KHM",1950,0.0230264903400331
"407","KOR",1950,0.267947126475219
"408","KWT",1950,0.301906320442723
"409","LAO",1950,0.0167100903347076
"410","LBN",1950,0.116192910316317
"411","LBR",1950,0.00903596111872945
"412","LBY",1950,0.0312059490147015
"413","LCA",1950,0.00164383742745007
"414","LKA",1950,0.14959615646941
"415","LSO",1950,0.00308153639977885
"416","LTU",1950,0.0446545191566372
"417","LUX",1950,0.0398328630020745
"418","LVA",1950,0.0338625730854875
"419","MAR",1950,0.242629937283061
"420","MDA",1950,0.0408589724833155
"421","MDG",1950,0.096839027735046
"422","MEX",1950,1.2988819301063
"423","MKD",1950,0.0214264731558483
"424","MLI",1950,0.0244264685501686
"425","MLT",1950,0.00540272174584864
"426","MMR",1950,0.0990910128861984
"427","MNE",1950,0.00692643540384972
"428","MNG",1950,0.0156654860047777
"429","MOZ",1950,0.0235277389294551
"430","MRT",1950,0.0114927971780148
"431","MUS",1950,0.0142651258951117
"432","MWI",1950,0.0145388169214619
"433","MYS",1950,0.203310914643498
"434","NAM",1950,0.0209148259877828
"435","NER",1950,0.0340851332204181
"436","NGA",1950,0.680369474970395
"437","NIC",1950,0.0445803106221634
"438","NLD",1950,1.19076339062529
"439","NOR",1950,0.582837605107208
"440","NPL",1950,0.0762187444879758
"441","NZL",1950,0.289883479149877
"442","OMN",1950,0.0185308236246617
"443","PAK",1950,0.541485349367534
"444","PAN",1950,0.0266105737876375
"445","PER",1950,0.323902489194452
"446","PHL",1950,0.462291072878017
"447","POL",1950,1.2893172563662
"448","PRI",1950,0.114763602222242
"449","PRK",1950,0.064485416074269
"450","PRT",1950,0.332571532155741
"451","PRY",1950,0.0411972263531419
"452","PSE",1950,0.00968760174324238
"453","QAT",1950,0.0976136649985806
"454","ROU",1950,0.285295676444931
"455","RUS",1950,8.73561676216757
"456","RWA",1950,0.0159677649388358
"457","SAU",1950,0.450789622947784
"458","SDN",1950,0.169019173777107
"459","SEN",1950,0.0514889167736487
"460","SGP",1950,0.0502262041661717
"461","SLE",1950,0.0208137208149502
"462","SLV",1950,0.0696220302273007
"463","STP",1950,0.000917868242896587
"464","SVK",1950,0.0605713277866959
"465","SVN",1950,0.0256767857900288
"466","SWE",1950,0.871324401294327
"467","SWZ",1950,0.002783687500274
"468","SYC",1950,0.00157749602330347
"469","SYR",1950,0.0680335464089355
"470","TCD",1950,0.0283715998138597
"471","TGO",1950,0.0136961392404031
"472","THA",1950,0.249302704107371
"473","TJK",1950,0.0145742681093027
"474","TKM",1950,0.0114689011788238
"475","TTO",1950,0.0298528462440748
"476","TUN",1950,0.0714934579520682
"477","TUR",1950,0.595306362902408
"478","TWN",1950,0.110236717948111
"479","TZA",1950,0.101560778972443
"480","UGA",1950,0.0642295215660378
"481","UKR",1950,0.643231469637812
"482","URY",1950,0.165039911606809
"483","USA",1950,25.322801052998
"484","UZB",1950,0.0599450125567594
"485","VEN",1950,0.521739288702738
"486","VNM",1950,0.268561657376787
"487","YEM",1950,0.0752668108069632
"488","ZAF",1950,0.892334876747365
"489","ZMB",1950,0.0552958331415626
"490","ZWE",1950,0.0359243286248157
"491","AFG",1960,0.187269906842798
"492","AGO",1960,0.204148295189077
"493","ALB",1960,0.0291308810326091
"494","ARE",1960,0.137995606770645
"495","ARG",1960,1.39781985660463
"496","ARM",1960,0.0164292432355566
"497","AUS",1960,1.14904100566618
"498","AUT",1960,0.553011454355505
"499","AZE",1960,0.0341243029643825
"500","BDI",1960,0.0129002131760404
"501","BEL",1960,0.722069459729894
"502","BEN",1960,0.0171367864956092
"503","BFA",1960,0.0215559583436799
"504","BGD",1960,0.427962242591742
"505","BGR",1960,0.276397569246409
"506","BHR",1960,0.0254545978323673
"507","BIH",1960,0.0500552434394075
"508","BLR",1960,0.126188650744778
"509","BOL",1960,0.0644258545614427
"510","BRA",1960,2.19235425546153
"511","BRB",1960,0.00685106234993614
"512","BWA",1960,0.00310234886037697
"513","CAF",1960,0.0158392662651304
"514","CAN",1960,1.87767687456803
"515","CHE",1960,1.08203623330646
"516","CHL",1960,0.311413916501316
"517","CHN",1960,3.90457290834635
"518","CIV",1960,0.0746878390931167
"519","CMR",1960,0.0722054073071625
"520","COD",1960,0.237811496442764
"521","COG",1960,0.0225765187253154
"522","COL",1960,0.438643909337206
"523","COM",1960,0.00116137330117383
"524","CPV",1960,0.00227064304474338
"525","CRI",1960,0.0363687275878154
"526","CSK",1960,0.908048998083195
"527","CUB",1960,0.212731104595423
"528","CYP",1960,0.0168891140676048
"529","CZE",1960,0.149238781365641
"530","DEU",1960,7.83335581388872
"531","DJI",1960,0.00290330827105334
"532","DMA",1960,0.00079155191456408
"533","DNK",1960,0.503614303011804
"534","DOM",1960,0.0679309019866352
"535","DZA",1960,0.576876367091731
"536","ECU",1960,0.129363912645987
"537","EGY",1960,0.492682887750419
"538","ESP",1960,1.2680131192665
"539","EST",1960,0.018708919692939
"540","ETH",1960,0.105086300252208
"541","FIN",1960,0.310270367005096
"542","FRA",1960,3.936424332479
"543","GAB",1960,0.0322590872555285
"544","GBR",1960,4.91352701422245
"545","GEO",1960,0.0364537569276904
"546","GHA",1960,0.104596433768661
"547","GIN",1960,0.0186366176746377
"548","GMB",1960,0.00333618301675219
"549","GNB",1960,0.00368861109155507
"550","GNQ",1960,0.00209064136199637
"551","GRC",1960,0.349914578076004
"552","GTM",1960,0.0953111826389317
"553","HKG",1960,0.0905778341151576
"554","HND",1960,0.0343447987766535
"555","HRV",1960,0.194708772867114
"556","HTI",1960,0.0644827629780371
"557","HUN",1960,0.615521433885562
"558","IDN",1960,1.18334744889217
"559","IND",1960,3.01947892967239
"560","IRL",1960,0.170288646411525
"561","IRN",1960,0.898152043966016
"562","IRQ",1960,0.906294488547375
"563","ISL",1960,0.0123560976125939
"564","ISR",1960,0.103139617187095
"565","ITA",1960,3.8068269814526
"566","JAM",1960,0.0585168500848433
"567","JOR",1960,0.0282605280419189
"568","JPN",1960,4.0982886168457
"569","KAZ",1960,0.0877456960820366
"570","KEN",1960,0.094528191983233
"571","KGZ",1960,0.0190839417144962
"572","KHM",1960,0.0262807525520264
"573","KOR",1960,0.290997702649916
"574","KWT",1960,0.38611804791222
"575","LAO",1960,0.0144131257919727
"576","LBN",1960,0.145302282599508
"577","LBR",1960,0.00858528316036757
"578","LBY",1960,0.0590214019394373
"579","LCA",1960,0.00160271209760824
"580","LKA",1960,0.129538623429094
"581","LSO",1960,0.00298817096842003
"582","LTU",1960,0.042716897564803
"583","LUX",1960,0.0318947234110666
"584","LVA",1960,0.0326749505785021
"585","MAR",1960,0.187439347556579
"586","MDA",1960,0.0463319984798713
"587","MDG",1960,0.0865573683551405
"588","MEX",1960,1.50650587805707
"589","MKD",1960,0.0375216160079401
"590","MLI",1960,0.0221284239638559
"591","MLT",1960,0.00548939169718835
"592","MMR",1960,0.105297901520597
"593","MNE",1960,0.0191127222643723
"594","MNG",1960,0.0164382072138172
"595","MOZ",1960,0.0209600725076457
"596","MRT",1960,0.0109357063059736
"597","MUS",1960,0.0139578098551522
"598","MWI",1960,0.0137740448290921
"599","MYS",1960,0.166311834045252
"600","NAM",1960,0.020534273125113
"601","NER",1960,0.0319787042918267
"602","NGA",1960,0.616479649138769
"603","NIC",1960,0.0473440462067064
"604","NLD",1960,1.18918694955592
"605","NOR",1960,0.539682907442118
"606","NPL",1960,0.0661935288554212
"607","NZL",1960,0.256698841658059
"608","OMN",1960,0.0216690113987056
"609","PAK",1960,0.443271356546937
"610","PAN",1960,0.0271653951378059
"611","PER",1960,0.34505222742047
"612","PHL",1960,0.547717020506186
"613","POL",1960,1.28471840581711
"614","PRI",1960,0.123875291670399
"615","PRK",1960,0.0586163912098187
"616","PRT",1960,0.320955241618844
"617","PRY",1960,0.0333007973488463
"618","PSE",1960,0.00978370664589328
"619","QAT",1960,0.123425051275637
"620","ROU",1960,0.399057210761984
"621","RUS",1960,7.45265780268564
"622","RWA",1960,0.0151578025576313
"623","SAU",1960,0.584488571640699
"624","SDN",1960,0.176384228006512
"625","SEN",1960,0.0463409902318832
"626","SGP",1960,0.0499100006065228
"627","SLE",1960,0.0198306806811954
"628","SLV",1960,0.0698473186061733
"629","SRB",1960,0.324163276546691
"630","STP",1960,0.000648718454612346
"631","SVK",1960,0.0617039019435165
"632","SVN",1960,0.0708570888853946
"633","SWE",1960,0.762278102863389
"634","SWZ",1960,0.00291824360586235
"635","SYC",1960,0.0015808958158928
"636","SYR",1960,0.0705031124239518
"637","TCD",1960,0.0251984719513683
"638","TGO",1960,0.0131526488024079
"639","THA",1960,0.287316347450912
"640","TJK",1960,0.018292806406203
"641","TKM",1960,0.0139327718182757
"642","TTO",1960,0.0430074110043237
"643","TUN",1960,0.0646458782199401
"644","TUR",1960,0.740392963074819
"645","TWN",1960,0.150976182270606
"646","TZA",1960,0.0905456235069851
"647","UGA",1960,0.0558185329293486
"648","UKR",1960,0.658813518898177
"649","URY",1960,0.132014695025981
"650","USA",1960,22.6533611826069
"651","UZB",1960,0.0749908368338864
"652","VEN",1960,0.717086376577075
"653","VNM",1960,0.259145931345372
"654","YEM",1960,0.062258640966869
"655","ZAF",1960,0.872658711983035
"656","ZMB",1960,0.0651383484926802
"657","ZWE",1960,0.0430005994917958
"658","AFG",1980,0.0854044881358152
"659","AGO",1980,0.0869832110491089
"660","ALB",1980,0.0300818595568309
"661","ARE",1980,0.642120823364677
"662","ARG",1980,1.10126190510827
"663","ARM",1980,0.0409126461212993
"664","AUS",1980,1.03065019431808
"665","AUT",1980,0.484991150602114
"666","AZE",1980,0.14902011275376
"667","BDI",1980,0.00990802146236379
"668","BEL",1980,0.629366090574011
"669","BEN",1980,0.0128793495980278
"670","BFA",1980,0.0130333228705044
"671","BGD",1980,0.269501179541298
"672","BGR",1980,0.250154812459899
"673","BHR",1980,0.0358314500307014
"674","BIH",1980,0.0562572027691325
"675","BLR",1980,0.193049240496805
"676","BOL",1980,0.0633887231575044
"677","BRA",1980,3.54061165723843
"678","BRB",1980,0.00668743943050926
"679","BWA",1980,0.00906485526910922
"680","CAF",1980,0.00774303455532275
"681","CAN",1980,1.81200124626821
"682","CHE",1980,0.753391243772251
"683","CHL",1980,0.235100996367621
"684","CHN",1980,4.0668524263565
"685","CIV",1980,0.113069386894221
"686","CMR",1980,0.0626490568209648
"687","COD",1980,0.128842770982316
"688","COG",1980,0.0225093067596649
"689","COL",1980,0.484246701382937
"690","COM",1980,0.00131303055110128
"691","CPV",1980,0.00157595982906731
"692","CRI",1980,0.0469923874573224
"693","CSK",1980,0.614843683443699
"694","CUB",1980,0.155350484141958
"695","CYP",1980,0.0188882633364343
"696","CZE",1980,0.446391041701385
"697","DEU",1980,6.01208502658487
"698","DJI",1980,0.00257144575316585
"699","DMA",1980,0.000674984312221924
"700","DNK",1980,0.377487943020711
"701","DOM",1980,0.0845979314620284
"702","DZA",1980,0.580501837434263
"703","ECU",1980,0.162356890137552
"704","EGY",1980,0.63332568452772
"705","ESP",1980,1.67327132507378
"706","EST",1980,0.0427888153208728
"707","ETH",1980,0.0898264139458297
"708","FIN",1980,0.269866396796933
"709","FRA",1980,3.60529201185614
"710","GAB",1980,0.0422603552645872
"711","GBR",1980,3.06514441630218
"712","GEO",1980,0.129559468171324
"713","GHA",1980,0.0539094671949179
"714","GIN",1980,0.0138203709847044
"715","GMB",1980,0.0027216110323713
"716","GNB",1980,0.00275590182326303
"717","GNQ",1980,0.00201587730913847
"718","GRC",1980,0.448202792796967
"719","GTM",1980,0.109476978826331
"720","HKG",1980,0.193857854671907
"721","HND",1980,0.035483673061081
"722","HRV",1980,0.229723646661726
"723","HTI",1980,0.0422605006900728
"724","HUN",1980,0.442632883589749
"725","IDN",1980,1.30400789615364
"726","IND",1980,2.28390994442327
"727","IRL",1980,0.158196191588709
"728","IRN",1980,1.17430202222122
"729","IRQ",1980,1.58988789839636
"730","ISL",1980,0.0138964716027063
"731","ISR",1980,0.164485725346098
"732","ITA",1980,3.69058771095647
"733","JAM",1980,0.0364672583329412
"734","JOR",1980,0.0536957590576986
"735","JPN",1980,6.64683854700538
"736","KAZ",1980,0.536285926813352
"737","KEN",1980,0.106300716557746
"738","KGZ",1980,0.0462285374011403
"739","KHM",1980,0.0150439110008703
"740","KOR",1980,0.582551808940581
"741","KWT",1980,0.316237979014613
"742","LAO",1980,0.0108813569305537
"743","LBN",1980,0.0725944957221607
"744","LBR",1980,0.00660490238823723
"745","LBY",1980,0.345890154736656
"746","LCA",1980,0.00153434659566913
"747","LKA",1980,0.107773340807035
"748","LSO",1980,0.0035793574770896
"749","LTU",1980,0.11757610114847
"750","LUX",1980,0.0225453561217066
"751","LVA",1980,0.0795938593539607
"752","MAR",1980,0.195014746726635
"753","MDA",1980,0.0669472039982167
"754","MDG",1980,0.0498301476705913
"755","MEX",1980,2.1761754618446
"756","MKD",1980,0.0526996106397212
"757","MLI",1980,0.0177265372308424
"758","MLT",1980,0.00881855835779263
"759","MMR",1980,0.0868095218510753
"760","MNE",1980,0.0295153411123507
"761","MNG",1980,0.0196153530615341
"762","MOZ",1980,0.0120924334439907
"763","MRT",1980,0.0108013971510543
"764","MUS",1980,0.0124795210768206
"765","MWI",1980,0.0155074197263833
"766","MYS",1980,0.251761376274492
"767","NAM",1980,0.0184803152256144
"768","NER",1980,0.0205766882340974
"769","NGA",1980,0.685092460696991
"770","NIC",1980,0.0373960612857627
"771","NLD",1980,1.00788005348467
"772","NOR",1980,0.499861423573177
"773","NPL",1980,0.0402982422960882
"774","NZL",1980,0.173566044191843
"775","OMN",1980,0.0718181067574423
"776","PAK",1980,0.521195108014182
"777","PAN",1980,0.0383053960749656
"778","PER",1980,0.334605944973407
"779","PHL",1980,0.610471950970733
"780","POL",1980,1.0697616407707
"781","PRI",1980,0.156495677524289
"782","PRK",1980,0.108416988620175
"783","PRT",1980,0.366552369314674
"784","PRY",1980,0.0467269320848102
"785","PSE",1980,0.0108155626705776
"786","QAT",1980,0.209750167183513
"787","ROU",1980,0.635845924351567
"788","RUS",1980,7.37798549772789
"789","RWA",1980,0.0136017372324265
"790","SAU",1980,1.70742067890851
"791","SDN",1980,0.112076491698218
"792","SEN",1980,0.02792789805605
"793","SGP",1980,0.111480139484673
"794","SLE",1980,0.0144150992803266
"795","SLV",1980,0.0644410489019565
"796","SRB",1980,0.409303422484452
"797","STP",1980,0.000883486755669629
"798","SVK",1980,0.0559290582400683
"799","SVN",1980,0.0954499851572335
"800","SWE",1980,0.564720931616885
"801","SWZ",1980,0.00739470820053454
"802","SYC",1980,0.00184248704126969
"803","SYR",1980,0.113915159973958
"804","TCD",1980,0.00870729708904991
"805","TGO",1980,0.013670151844208
"806","THA",1980,0.451232762413167
"807","TJK",1980,0.0572164777473165
"808","TKM",1980,0.0666015060744275
"809","TTO",1980,0.0428585522273474
"810","TUN",1980,0.0853689612282959
"811","TUR",1980,0.915095426627523
"812","TWN",1980,0.372790734845648
"813","TZA",1980,0.0836427068529248
"814","UGA",1980,0.0296897439724896
"815","UKR",1980,1.61735761730164
"816","URY",1980,0.0817789984630156
"817","USA",1980,18.161084842541
"818","UZB",1980,0.23099982531755
"819","VEN",1980,0.729960187195817
"820","VNM",1980,0.161582943782378
"821","YEM",1980,0.0892580076631012
"822","ZAF",1980,0.820546691679719
"823","ZMB",1980,0.0419835297735527
"824","ZWE",1980,0.0411866789043974
"825","AFG",2000,0.0260534513948573
"826","AGO",2000,0.0640560654950161
"827","ALB",2000,0.0254507125261919
"828","ARE",2000,0.589117483448596
"829","ARG",2000,0.890839964592779
"830","ARM",2000,0.017164489594924
"831","AUS",2000,1.16934499981442
"832","AUT",2000,0.462476531027221
"833","AZE",2000,0.0607807151240036
"834","BDI",2000,0.00741920830255456
"835","BEL",2000,0.553884715531535
"836","BEN",2000,0.0179458642258184
"837","BFA",2000,0.0187265286883013
"838","BGD",2000,0.36381889056483
"839","BGR",2000,0.109838118457235
"840","BHR",2000,0.0440122091227246
"841","BIH",2000,0.0381448750363507
"842","BLR",2000,0.126966452589254
"843","BOL",2000,0.0555211794616891
"844","BRA",2000,3.13491069643122
"845","BRB",2000,0.00484735707258326
"846","BWA",2000,0.026813165889201
"847","CAF",2000,0.00602980325925305
"848","CAN",2000,1.85370192061119
"849","CHE",2000,0.609495657124133
"850","CHL",2000,0.342773136488353
"851","CHN",2000,8.34495386205537
"852","CIV",2000,0.0775963463229178
"853","CMR",2000,0.0578595604591513
"854","COD",2000,0.0455658445565658
"855","COG",2000,0.0248606919847005
"856","COL",2000,0.52050858665907
"857","COM",2000,0.00121015064547847
"858","CPV",2000,0.00296754128733952
"859","CRI",2000,0.0562719268962235
"860","CSK",2000,0.414048400032661
"861","CUB",2000,0.0858824871902804
"862","CYP",2000,0.0317934270346166
"863","CZE",2000,0.316721375294315
"864","DEU",2000,4.89789396976817
"865","DJI",2000,0.00190252223658747
"866","DMA",2000,0.000796666924022072
"867","DNK",2000,0.35013878231116
"868","DOM",2000,0.11054528206728
"869","DZA",2000,0.50700014978274
"870","ECU",2000,0.146428725220783
"871","EGY",2000,0.917210215803399
"872","ESP",2000,1.91089533047514
"873","EST",2000,0.0303178943445203
"874","ETH",2000,0.0773879387227267
"875","FIN",2000,0.269209745041533
"876","FRA",2000,3.26020795971717
"877","GAB",2000,0.0343363396908952
"878","GBR",2000,2.95131118526144
"879","GEO",2000,0.0352967020119204
"880","GHA",2000,0.0618833557408929
"881","GIN",2000,0.0159580365596414
"882","GMB",2000,0.00334938779513955
"883","GNB",2000,0.00257958733120058
"884","GNQ",2000,0.0106157552303228
"885","GRC",2000,0.3919576647017
"886","GTM",2000,0.100231108532737
"887","HKG",2000,0.314039059735163
"888","HND",2000,0.0365090352416502
"889","HRV",2000,0.108265221677922
"890","HTI",2000,0.0235963302389921
"891","HUN",2000,0.264000647117956
"892","IDN",2000,1.88970276880648
"893","IND",2000,3.98216923374709
"894","IRL",2000,0.26355176860287
"895","IRN",2000,1.27838859447808
"896","IRQ",2000,0.305724660477631
"897","ISL",2000,0.0140763301482711
"898","ISR",2000,0.242889792692272
"899","ITA",2000,3.17647232583823
"900","JAM",2000,0.0299468029427744
"901","JOR",2000,0.0636782811505299
"902","JPN",2000,6.60814201013349
"903","KAZ",2000,0.23886348814881
"904","KEN",2000,0.112025184660335
"905","KGZ",2000,0.022147798151901
"906","KHM",2000,0.024986068272371
"907","KOR",2000,1.58905920234164
"908","KWT",2000,0.236274891147695
"909","LAO",2000,0.0208673518807481
"910","LBN",2000,0.0646994386220356
"911","LBR",2000,0.00239926136815219
"912","LBY",2000,0.176249004559364
"913","LCA",2000,0.00218494674492935
"914","LKA",2000,0.173105437773246
"915","LSO",2000,0.00461422614275969
"916","LTU",2000,0.0595809392499412
"917","LUX",2000,0.0331604049594829
"918","LVA",2000,0.0388617284998322
"919","MAR",2000,0.220304865367116
"920","MDA",2000,0.016255197851598
"921","MDG",2000,0.034788682249677
"922","MEX",2000,2.14633072680914
"923","MKD",2000,0.0270615985810643
"924","MLI",2000,0.0182491692636105
"925","MLT",2000,0.0126968769316427
"926","MMR",2000,0.114211783730435
"927","MNE",2000,0.0111662335946619
"928","MNG",2000,0.0192560397248288
"929","MOZ",2000,0.0139036771603709
"930","MRT",2000,0.0095871615064727
"931","MUS",2000,0.0219885941755627
"932","MWI",2000,0.0165167765498343
"933","MYS",2000,0.522176208857413
"934","NAM",2000,0.0179811895807585
"935","NER",2000,0.0115850309539883
"936","NGA",2000,0.542159107529566
"937","NIC",2000,0.0266778456656174
"938","NLD",2000,1.01502242128787
"939","NOR",2000,0.534756068972665
"940","NPL",2000,0.0611219273734496
"941","NZL",2000,0.163707656087992
"942","OMN",2000,0.161112980045275
"943","PAK",2000,0.814903808950316
"944","PAN",2000,0.0467000434795102
"945","PER",2000,0.253516018961284
"946","PHL",2000,0.560738609262558
"947","POL",2000,0.862167896588977
"948","PRI",2000,0.195628351614558
"949","PRK",2000,0.0583961068974087
"950","PRT",2000,0.393848669584805
"951","PRY",2000,0.0433677691649358
"952","PSE",2000,0.0193239191997521
"953","QAT",2000,0.112713164254357
"954","ROU",2000,0.356019024102951
"955","RUS",2000,3.14221987439641
"956","RWA",2000,0.00984202674599226
"957","SAU",2000,1.41088594281414
"958","SDN",2000,0.125759084225796
"959","SEN",2000,0.0302990701471594
"960","SGP",2000,0.273447503018596
"961","SLE",2000,0.00501332500850312
"962","SLV",2000,0.0591691015410474
"963","SRB",2000,0.112615528722992
"964","STP",2000,0.000518247765521056
"965","SVK",2000,0.114700341721899
"966","SVN",2000,0.0641656855128634
"967","SWE",2000,0.493702123181522
"968","SWZ",2000,0.0110256139365765
"969","SYC",2000,0.00234112856013873
"970","SYR",2000,0.132316088107012
"971","TCD",2000,0.00997806818505146
"972","TGO",2000,0.0100997689566544
"973","THA",2000,0.876842508904593
"974","TJK",2000,0.0163281431945233
"975","TKM",2000,0.0327532906596017
"976","TTO",2000,0.032348556212975
"977","TUN",2000,0.116170286175673
"978","TUR",2000,1.42807674493779
"979","TWN",2000,0.895502714175868
"980","TZA",2000,0.0816830877763509
"981","UGA",2000,0.0448609787358705
"982","UKR",2000,0.479656920503803
"983","URY",2000,0.0662465168342106
"984","USA",2000,20.4749421796491
"985","UZB",2000,0.155234886118391
"986","VEN",2000,0.555560771374302
"987","VNM",2000,0.332876830781594
"988","YEM",2000,0.122407670083456
"989","ZAF",2000,0.661557983431734
"990","ZMB",2000,0.0328969735107686
"991","ZWE",2000,0.0419522993627802
"992","AFG",2010,0.0539202958333207
"993","AGO",2010,0.130063917468254
"994","ALB",2010,0.0304846412759515
"995","ARE",2010,0.602481207229279
"996","ARG",2010,0.866605118071893
"997","ARM",2010,0.0260917537425176
"998","AUS",2010,1.09919560691104
"999","AUT",2010,0.373951682533843
"1000","AZE",2010,0.16026910197248
"1001","BDI",2010,0.00715627043620704
"1002","BEL",2010,0.452108512013788
"1003","BEN",2010,0.0182806505524888
"1004","BFA",2010,0.0232021876674441
"1005","BGD",2010,0.445379395186566
"1006","BGR",2010,0.119771354010094
"1007","BHR",2010,0.051655730405811
"1008","BIH",2010,0.038839694704918
"1009","BLR",2010,0.18057203593229
"1010","BOL",2010,0.0563464895642439
"1011","BRA",2010,3.1336015215921
"1012","BRB",2010,0.00371726417071274
"1013","BWA",2010,0.0278781274732545
"1014","CAF",2010,0.00484486020651008
"1015","CAN",2010,1.5509972299776
"1016","CHE",2010,0.51023772046917
"1017","CHL",2010,0.352628008795668
"1018","CHN",2010,13.9788556544062
"1019","CIV",2010,0.060282540828672
"1020","CMR",2010,0.055801476718604
"1021","COD",2010,0.0500662081379835
"1022","COG",2010,0.0273459538175924
"1023","COL",2010,0.540400811682461
"1024","COM",2010,0.00112724000211428
"1025","CPV",2010,0.00343648985458627
"1026","CRI",2010,0.0596986159189868
"1027","CSK",2010,0.430064795315452
"1028","CUB",2010,0.0828785031309867
"1029","CYP",2010,0.0298780664703553
"1030","CZE",2010,0.301479542874138
"1031","DEU",2010,3.73053882065332
"1032","DJI",2010,0.00206334046441959
"1033","DMA",2010,0.000717705664962891
"1034","DNK",2010,0.263235859543349
"1035","DOM",2010,0.123928141762539
"1036","DZA",2010,0.515104983325978
"1037","ECU",2010,0.152651718467593
"1038","EGY",2010,1.00797141601492
"1039","ESP",2010,1.66036148976826
"1040","EST",2010,0.0291386998919344
"1041","ETH",2010,0.112404297348215
"1042","FIN",2010,0.221839103454989
"1043","FRA",2010,2.57665980696071
"1044","GAB",2010,0.0265290916730291
"1045","GBR",2010,2.40513498910107
"1046","GEO",2010,0.0452325322241467
"1047","GHA",2010,0.0755939155181198
"1048","GIN",2010,0.014850248434335
"1049","GMB",2010,0.00344432918882986
"1050","GNB",2010,0.0022941206186809
"1051","GNQ",2010,0.0302341430093175
"1052","GRC",2010,0.324826108793277
"1053","GTM",2010,0.0969836444931962
"1054","HKG",2010,0.325920776108869
"1055","HND",2010,0.0381002852705908
"1056","HRV",2010,0.0961373568240499
"1057","HTI",2010,0.0165965463983403
"1058","HUN",2010,0.224607927958992
"1059","IDN",2010,2.2253578774848
"1060","IND",2010,5.78996128273825
"1061","IRL",2010,0.246045025896956
"1062","IRN",2010,1.50062407025683
"1063","IRQ",2010,0.387973034006032
"1064","ISL",2010,0.0126266818238463
"1065","ISR",2010,0.231573887402912
"1066","ITA",2010,2.28143199578716
"1067","JAM",2010,0.0221981111445406
"1068","JOR",2010,0.0816953713349796
"1069","JPN",2010,4.90341863774552
"1070","KAZ",2010,0.368347361823208
"1071","KEN",2010,0.117781216927971
"1072","KGZ",2010,0.0228873418069447
"1073","KHM",2010,0.0375649358823854
"1074","KOR",2010,1.70553412262184
"1075","KWT",2010,0.257465790867949
"1076","LAO",2010,0.0289980555984334
"1077","LBN",2010,0.0797331675128051
"1078","LBR",2010,0.003393257036091
"1079","LBY",2010,0.21095005610886
"1080","LCA",2010,0.00181712449180677
"1081","LKA",2010,0.198221944244641
"1082","LSO",2010,0.0047703238956407
"1083","LTU",2010,0.0634694763454322
"1084","LUX",2010,0.0300755234102997
"1085","LVA",2010,0.039215330020191
"1086","MAR",2010,0.248582102142763
"1087","MDA",2010,0.018674424904818
"1088","MDG",2010,0.0312695977477138
"1089","MEX",2010,1.81471363829256
"1090","MKD",2010,0.0252503483500806
"1091","MLI",2010,0.0223662381615392
"1092","MLT",2010,0.0108334390605391
"1093","MMR",2010,0.211703075040609
"1094","MNE",2010,0.0110982665840467
"1095","MNG",2010,0.0251135566926685
"1096","MOZ",2010,0.021235787263061
"1097","MRT",2010,0.0107241136435837
"1098","MUS",2010,0.0227282409031332
"1099","MWI",2010,0.0184772723516952
"1100","MYS",2010,0.569137666026381
"1101","NAM",2010,0.0189915520181755
"1102","NER",2010,0.0136032536458644
"1103","NGA",2010,0.883935338905202
"1104","NIC",2010,0.0245522014614285
"1105","NLD",2010,0.804544467010312
"1106","NOR",2010,0.434670842632444
"1107","NPL",2010,0.0629662447118205
"1108","NZL",2010,0.149271176449239
"1109","OMN",2010,0.155132578753037
"1110","PAK",2010,0.859429250398946
"1111","PAN",2010,0.0570145318270287
"1112","PER",2010,0.30373775793543
"1113","PHL",2010,0.621710124925983
"1114","POL",2010,0.882106547717059
"1115","PRI",2010,0.137906346128045
"1116","PRK",2010,0.045790368875593
"1117","PRT",2010,0.295201995434925
"1118","PRY",2010,0.0501797740919232
"1119","PSE",2010,0.0190020692971277
"1120","QAT",2010,0.268933523714501
"1121","ROU",2010,0.407918883763647
"1122","RUS",2010,3.50803993293903
"1123","RWA",2010,0.0150585358310084
"1124","SAU",2010,1.36472211684353
"1125","SDN",2010,0.168794777950835
"1126","SEN",2010,0.0315387625087123
"1127","SGP",2010,0.334728605484438
"1128","SLE",2010,0.00819735907797693
"1129","SLV",2010,0.0496515695525056
"1130","SRB",2010,0.120717782745816
"1131","STP",2010,0.000600896947446971
"1132","SVK",2010,0.128809993209397
"1133","SVN",2010,0.0580658959964845
"1134","SWE",2010,0.440578094162761
"1135","SWZ",2010,0.0109194717429891
"1136","SYC",2010,0.00199609185535893
"1137","SYR",2010,0.142973308717227
"1138","TCD",2010,0.0201238050624567
"1139","TGO",2010,0.00870761798135137
"1140","THA",2010,0.956514543607524
"1141","TJK",2010,0.0244019794223056
"1142","TKM",2010,0.0790540046917718
"1143","TTO",2010,0.0402506144338316
"1144","TUN",2010,0.124342983638854
"1145","TUR",2010,1.41688988632113
"1146","TWN",2010,0.937520427927056
"1147","TZA",2010,0.105074282474677
"1148","UGA",2010,0.0667947606175331
"1149","UKR",2010,0.490960796465332
"1150","URY",2010,0.0599827264025878
"1151","USA",2010,16.7815884503497
"1152","UZB",2010,0.211101825356087
"1153","VEN",2010,0.52448000073152
"1154","VNM",2010,0.448499388678826
"1155","YEM",2010,0.129465032550664
"1156","ZAF",2010,0.647551145243817
"1157","ZMB",2010,0.0469904023817207
"1158","ZWE",2010,0.017976852724858
"1159","AGO",2018,0.148485143428688
"1160","ALB",2018,0.029298068983247
"1161","ARE",2018,0.54476460250244
"1162","ARG",2018,0.653052932033227
"1163","ARM",2018,0.0255118832890876
"1164","AUS",2018,0.95722979175136
"1165","AUT",2018,0.342038716659727
"1166","AZE",2018,0.132624187647151
"1167","BDI",2018,0.00645275439975247
"1168","BEL",2018,0.410668674050472
"1169","BEN",2018,0.0204778801878237
"1170","BFA",2018,0.0291527751755704
"1171","BGD",2018,0.524138864498569
"1172","BGR",2018,0.113962480055284
"1173","BHR",2018,0.0553552313858501
"1174","BIH",2018,0.0363516560112148
"1175","BLR",2018,0.140678592609173
"1176","BOL",2018,0.0664590969701658
"1177","BRA",2018,2.50076283095043
"1178","BRB",2018,0.00405369723417562
"1179","BWA",2018,0.031674050073487
"1180","CAF",2018,0.00269135411984378
"1181","CAN",2018,1.38627385912563
"1182","CHE",2018,0.409984938484935
"1183","CHL",2018,0.342893386116648
"1184","CHN",2018,18.8488802029326
"1185","CIV",2018,0.0787082196267556
"1186","CMR",2018,0.0704803167649785
"1187","COD",2018,0.057245760224559
"1188","COG",2018,0.0223666996876188
"1189","COL",2018,0.559893961228853
"1190","COM",2018,0.000993125908942036
"1191","CPV",2018,0.00295801099040309
"1192","CRI",2018,0.066112101170656
"1193","CUB",2018,0.114210334197791
"1194","CYP",2018,0.0246691792045636
"1195","CZE",2018,0.296826702388614
"1196","DEU",2018,3.17680637137483
"1197","DJI",2018,0.00301869252184447
"1198","DMA",2018,0.000632626332012818
"1199","DNK",2018,0.228111278052177
"1200","DOM",2018,0.139821359143881
"1201","DZA",2018,0.493657078317487
"1202","ECU",2018,0.148968886341305
"1203","EGY",2018,0.964067147406727
"1204","ESP",2018,1.37601782564258
"1205","EST",2018,0.0331158774473124
"1206","ETH",2018,0.164511050415411
"1207","FIN",2018,0.191702359187348
"1208","FRA",2018,2.20846587668349
"1209","GAB",2018,0.02842288745936
"1210","GBR",2018,2.25205401898646
"1211","GEO",2018,0.0319133575214248
"1212","GHA",2018,0.105191007418905
"1213","GIN",2018,0.0225632736627106
"1214","GMB",2018,0.00286485201959871
"1215","GNB",2018,0.00254178696488263
"1216","GNQ",2018,0.0224350732441725
"1217","GRC",2018,0.226658339975411
"1218","GTM",2018,0.108230212007716
"1219","HKG",2018,0.358619304123992
"1220","HND",2018,0.036457635023873
"1221","HRV",2018,0.0789116309575027
"1222","HTI",2018,0.0155378907268212
"1223","HUN",2018,0.224521666333109
"1224","IDN",2018,2.59819514903941
"1225","IND",2018,7.74415994915988
"1226","IRL",2018,0.286656135851255
"1227","IRN",2018,1.23126245972389
"1228","IRQ",2018,0.507331789628221
"1229","ISL",2018,0.0143926336545472
"1230","ISR",2018,0.250332683932119
"1231","ITA",2018,1.78625916496459
"1232","JAM",2018,0.0201163550075462
"1233","JOR",2018,0.0704281819281063
"1234","JPN",2018,4.19044434728296
"1235","KAZ",2018,0.360499576929217
"1236","KEN",2018,0.132029337705134
"1237","KGZ",2018,0.0182471929052603
"1238","KHM",2018,0.0524339711820946
"1239","KOR",2018,1.62643597652039
"1240","KWT",2018,0.227608732411507
"1241","LAO",2018,0.0392122346835289
"1242","LBN",2018,0.0692769421696339
"1243","LBR",2018,0.00305715264740591
"1244","LBY",2018,0.0790176099701609
"1245","LCA",2018,0.0018973661943643
"1246","LKA",2018,0.218335568803916
"1247","LSO",2018,0.00505878851551455
"1248","LTU",2018,0.0707495376439085
"1249","LUX",2018,0.0447419460698069
"1250","LVA",2018,0.0328774246688315
"1251","MAR",2018,0.235269134753889
"1252","MDA",2018,0.016069495129026
"1253","MDG",2018,0.0317253302409022
"1254","MEX",2018,1.84865003531981
"1255","MKD",2018,0.0238110910698151
"1256","MLI",2018,0.0328364005348993
"1257","MLT",2018,0.015032781077781
"1258","MMR",2018,0.267009849045016
"1259","MNE",2018,0.00878087400040488
"1260","MNG",2018,0.0321697583585011
"1261","MOZ",2018,0.0292134567070118
"1262","MRT",2018,0.0136148844487493
"1263","MUS",2018,0.0223256755536866
"1264","MWI",2018,0.0174429489462978
"1265","MYS",2018,0.745899948485824
"1266","NAM",2018,0.0204573681208576
"1267","NER",2018,0.0175207238668776
"1268","NGA",2018,0.870908176602353
"1269","NIC",2018,0.0269118318595239
"1270","NLD",2018,0.719204347998901
"1271","NOR",2018,0.27699837098805
"1272","NPL",2018,0.0640745691853566
"1273","NZL",2018,0.145694647651842
"1274","OMN",2018,0.149016747830893
"1275","PAK",2018,0.876036193343878
"1276","PAN",2018,0.07876804648874
"1277","PER",2018,0.306057132523359
"1278","PHL",2018,0.708008178113238
"1279","POL",2018,0.899112268680742
"1280","PRT",2018,0.253067626194266
"1281","PRY",2018,0.0721076074109558
"1282","QAT",2018,0.26014428929757
"1283","ROU",2018,0.394002619640515
"1284","RUS",2018,2.98279640465379
"1285","RWA",2018,0.0202642128235935
"1286","SAU",2018,1.37080861530265
"1287","SDN",2018,0.152920877910107
"1288","SEN",2018,0.0350927279011704
"1289","SGP",2018,0.416138558574765
"1290","SLE",2018,0.00914496318905317
"1291","SLV",2018,0.0398934062406948
"1292","SRB",2018,0.0838576031047037
"1293","STP",2018,0.000571773866680053
"1294","SVK",2018,0.144524605165317
"1295","SVN",2018,0.0560064895120238
"1296","SWE",2018,0.398788768599272
"1297","SWZ",2018,0.008974029297669
"1298","SYC",2018,0.00219564583482968
"1299","SYR",2018,0.0564081841567766
"1300","TCD",2018,0.0226316472192643
"1301","TGO",2018,0.00982015206002065
"1302","THA",2018,0.979451197631302
"1303","TJK",2018,0.0191018623621812
"1304","TKM",2018,0.0498528694221936
"1305","TTO",2018,0.0333816796484148
"1306","TUN",2018,0.10727981957162
"1307","TUR",2018,1.73356622893705
"1308","TWN",2018,0.928171030216051
"1309","TZA",2018,0.131863531830491
"1310","UGA",2018,0.0646420697047521
"1311","UKR",2018,0.290587615353091
"1312","URY",2018,0.0607806730983837
"1313","USA",2018,15.2541404671235
"1314","UZB",2018,0.172994499444808
"1315","VEN",2018,0.257597374315946
"1316","VNM",2018,0.527929323540013
"1317","YEM",2018,0.0450222776516769
"1318","ZAF",2018,0.588602308286825
"1319","ZMB",2018,0.0541834795604116
"1320","ZWE",2018,0.0268109808636073
"1321","AGO",2025,0.144868209781655
"1322","ALB",2025,0.028622049190186
"1323","ARE",2025,0.561117662273633
"1324","ARG",2025,0.608365670436929
"1325","ARM",2025,0.0272699064969486
"1326","AUS",2025,0.888782645947199
"1327","AUT",2025,0.300922172712531
"1328","AZE",2025,0.122872520048331
"1329","BDI",2025,0.00659473910031821
"1330","BEL",2025,0.352622161724134
"1331","BEN",2025,0.0240487683981376
"1332","BFA",2025,0.0314720309071523
"1333","BGD",2025,0.674682167395233
"1334","BGR",2025,0.106991412890567
"1335","BHR",2025,0.0552215045180113
"1336","BIH",2025,0.0341775635858221
"1337","BLR",2025,0.129902861987356
"1338","BOL",2025,0.0697931883970125
"1339","BRA",2025,2.32952486248642
"1340","BRB",2025,0.00368312600559692
"1341","BWA",2025,0.031829046097359
"1342","CAF",2025,0.00259510347723013
"1343","CAN",2025,1.25115318011175
"1344","CHE",2025,0.361496542152654
"1345","CHL",2025,0.334940631021857
"1346","CHN",2025,21.2864116005902
"1347","CIV",2025,0.0930552098603526
"1348","CMR",2025,0.0759568928158127
"1349","COD",2025,0.0620612375738619
"1350","COG",2025,0.0229391435241271
"1351","COL",2025,0.551690649972974
"1352","COM",2025,0.00102502976492293
"1353","CPV",2025,0.00305648876293253
"1354","CRI",2025,0.0670553563591328
"1355","CUB",2025,0.111667942455777
"1356","CYP",2025,0.022888506188557
"1357","CZE",2025,0.27597978529601
"1358","DEU",2025,2.79677443807893
"1359","DJI",2025,0.0032788438305901
"1360","DMA",2025,0.00057127485438783
"1361","DNK",2025,0.203169527689292
"1362","DOM",2025,0.143455704230116
"1363","DZA",2025,0.48573786815193
"1364","ECU",2025,0.132577865189703
"1365","EGY",2025,1.12139898142203
"1366","ESP",2025,1.23636254606422
"1367","EST",2025,0.0321797135765981
"1368","ETH",2025,0.203286794846045
"1369","FIN",2025,0.171907505725188
"1370","FRA",2025,1.94093456796487
"1371","GAB",2025,0.0278428806841803
"1372","GBR",2025,1.98934027939316
"1373","GEO",2025,0.0340721048093091
"1374","GHA",2025,0.118704779229011
"1375","GIN",2025,0.0244111535111016
"1376","GMB",2025,0.00314684275432658
"1377","GNB",2025,0.00282643099291392
"1378","GNQ",2025,0.0179078461670286
"1379","GRC",2025,0.204514130784522
"1380","GTM",2025,0.10629095889241
"1381","HKG",2025,0.334671710402811
"1382","HND",2025,0.0362301129293052
"1383","HRV",2025,0.073818709928141
"1384","HTI",2025,0.0149542223582772
"1385","HUN",2025,0.20310229753453
"1386","IDN",2025,2.88820744855459
"1387","IND",2025,9.82501481684747
"1388","IRL",2025,0.277257158236479
"1389","IRN",2025,1.00465381767867
"1390","IRQ",2025,0.529908746279083
"1391","ISL",2025,0.0136721034649919
"1392","ISR",2025,0.248684342462836
"1393","ITA",2025,1.50326626046743
"1394","JAM",2025,0.0186182861228733
"1395","JOR",2025,0.0698386847662595
"1396","JPN",2025,3.52487701414611
"1397","KAZ",2025,0.354571836212218
"1398","KEN",2025,0.157341420394559
"1399","KGZ",2025,0.0183483852895589
"1400","KHM",2025,0.0617657029562168
"1401","KOR",2025,1.55839498737187
"1402","KWT",2025,0.223965159160123
"1403","LAO",2025,0.0474904248575201
"1404","LBN",2025,0.0680130647339165
"1405","LBR",2025,0.00320421317075749
"1406","LBY",2025,0.0875887902263941
"1407","LCA",2025,0.00175783086322672
"1408","LKA",2025,0.242089064280731
"1409","LSO",2025,0.00481293636212269
"1410","LTU",2025,0.0667662666936583
"1411","LUX",2025,0.0424299618626847
"1412","LVA",2025,0.0318919685142188
"1413","MAR",2025,0.244733898569049
"1414","MDA",2025,0.0158558653567173
"1415","MDG",2025,0.0330913024752578
"1416","MEX",2025,1.70159521701389
"1417","MKD",2025,0.0228285703027907
"1418","MLI",2025,0.0346923531929119
"1419","MLT",2025,0.015257262787803
"1420","MMR",2025,0.319796752829525
"1421","MNE",2025,0.00835579533988473
"1422","MNG",2025,0.039845788399605
"1423","MOZ",2025,0.0306380031252851
"1424","MRT",2025,0.0135593001817979
"1425","MUS",2025,0.0228565791944523
"1426","MWI",2025,0.0188107131714784
"1427","MYS",2025,0.823184167041748
"1428","NAM",2025,0.019869436952274
"1429","NER",2025,0.018908788653203
"1430","NGA",2025,0.834998522137988
"1431","NIC",2025,0.0235036443366312
"1432","NLD",2025,0.639157081317702
"1433","NOR",2025,0.248348191689028
"1434","NPL",2025,0.0669112671883723
"1435","NZL",2025,0.134557120945882
"1436","OMN",2025,0.145677202336893
"1437","PAK",2025,0.855167568566442
"1438","PAN",2025,0.0856879310084002
"1439","PER",2025,0.316586798771964
"1440","PHL",2025,0.820880189638071
"1441","POL",2025,0.876008916542511
"1442","PRT",2025,0.222935193189176
"1443","PRY",2025,0.0744187909523426
"1444","QAT",2025,0.250947309472108
"1445","ROU",2025,0.389262596069159
"1446","RUS",2025,2.6488680976036
"1447","RWA",2025,0.0222684946339303
"1448","SAU",2025,1.27092422402402
"1449","SDN",2025,0.145938761069903
"1450","SEN",2025,0.040895322814604
"1451","SGP",2025,0.396187302009595
"1452","SLE",2025,0.00968583165144244
"1453","SLV",2025,0.0363345371408596
"1454","SRB",2025,0.0830460486691586
"1455","STP",2025,0.000616730976494557
"1456","SVK",2025,0.139300880665854
"1457","SVN",2025,0.0532798976484989
"1458","SWE",2025,0.370975993974027
"1459","SWZ",2025,0.0083876930614204
"1460","SYC",2025,0.00233291782622506
"1461","SYR",2025,0.0635513211053578
"1462","TCD",2025,0.0232350863112932
"1463","TGO",2025,0.0111463131442986
"1464","THA",2025,0.964080419280093
"1465","TJK",2025,0.019175308144266
"1466","TKM",2025,0.0501082029901891
"1467","TTO",2025,0.0304513368380479
"1468","TUN",2025,0.104454146849867
"1469","TUR",2025,1.7609890249364
"1470","TWN",2025,0.832981617495143
"1471","TZA",2025,0.1481572606282
"1472","UGA",2025,0.0731352367224565
"1473","UKR",2025,0.270063531676997
"1474","URY",2025,0.0599818797155628
"1475","USA",2025,13.6752857800393
"1476","UZB",2025,0.193242132124077
"1477","VEN",2025,0.215674336474933
"1478","VNM",2025,0.625845510674922
"1479","YEM",2025,0.0331339701021987
"1480","ZAF",2025,0.568080017100735
"1481","ZMB",2025,0.0561119681625919
"1482","ZWE",2025,0.0279063926829306
