warno,statenum,stateabb,pbdeadlow,pbdeadhigh,pbdeadbest,tbdeadlow,tbdeadhigh,tbdeadbest,yrbeg1,monbeg1,daybeg1,yrend1,monend1,dayend1,yrbeg2,monbeg2,daybeg2,yrend2,monend2,dayend2,mindur,maxdur,deaths,intside,initiate,sysstat,prwarpop,prwararm
582,100,COL,50000,50000,50000,50000,50000,50000,1899,9,1,1903,6,15,-999,-999,-999,-999,-999,-999,1383,1383,100000,0,1,4109,1,3
583,101,VEN,2000,2000,2000,2000,2000,2000,1899,5,24,1899,10,22,-999,-999,-999,-999,-999,-999,152,152,2000,0,1,2436,4,3
584,101,VEN,1050,1050,1050,1050,1050,1050,1901,12,-999,1903,7,-999,-999,-999,-999,-999,-999,-999,548,608,1050,0,1,2473,9,3
585,640,TUR,6322,11016,6322,6322,11016,6322,1903,8,2,1903,11,2,-999,-999,-999,-999,-999,-999,93,93,2000,0,2,24028,266,3
587,165,URU,770,1000,880,770,1000,880,1904,1,1,1904,9,1,-999,-999,-999,-999,-999,-999,245,245,1000,0,1,1005,5,3
588,364,USR,1000,16500,16500,1000,16500,16500,1905,1,22,1906,1,1,-999,-999,-999,-999,-999,-999,345,345,1000,0,3,147147,2365,3
589,360,RUM,2000,11000,6500,2000,11000,6500,1907,3,15,1907,4,30,-999,-999,-999,-999,-999,-999,47,47,2000,0,2,6684,69,3
590,220,FRN,200,200,200,1200,1200,1200,1907,8,7,1908,6,15,-999,-999,-999,-999,-999,-999,314,314,200,1,3,39321,619,3
590,600,MOR,1000,1000,1000,1200,1200,1200,1907,8,1,1908,8,19,-999,-999,-999,-999,-999,-999,385,385,1000,0,1,4728,6,3
591,630,IRN,1000,1000,1000,1100,1100,1100,1908,6,23,1909,7,17,-999,-999,-999,-999,-999,-999,390,390,1000,0,1,10509,30,3
591,364,USR,100,100,100,1100,1100,1100,1909,4,30,1909,7,17,-999,-999,-999,-999,-999,-999,79,79,100,1,3,159359,1434,3
592,70,MEX,250000,250000,250000,250000,250000,250000,1910,11,20,1914,7,15,1914,12,1,1920,5,21,3333,3333,250000,0,1,15159,31,3
593,600,MOR,1500,1500,1500,1650,1650,1650,1911,1,15,1911,6,10,-999,-999,-999,-999,-999,-999,147,147,1500,0,1,4940,6,3
593,220,FRN,150,150,150,1650,1650,1650,1911,5,11,1911,6,10,-999,-999,-999,-999,-999,-999,31,31,150,1,3,39602,638,3
594,150,PAR,2000,2000,2000,2000,2000,2000,1911,7,15,1912,5,11,-999,-999,-999,-999,-999,-999,302,302,2000,0,1,547,3,3
595,710,CHN,1000,2000,1500,1000,2000,1500,1911,10,11,1911,12,31,-999,-999,-999,-999,-999,-999,82,82,1000,0,2,451576,1003,3
597,710,CHN,5000,10000,7500,5000,10000,7500,1913,7,12,1913,9,1,-999,-999,-999,-999,-999,-999,52,52,5000,0,2,454203,450,3
598,710,CHN,5000,5000,5000,5000,5000,5000,1914,3,15,1914,9,15,-999,-999,-999,-999,-999,-999,185,185,5000,0,2,455522,460,3
599,364,USR,1134,8885,3000,1134,8885,3000,1916,7,4,1917,2,27,-999,-999,-999,-999,-999,-999,239,239,3000,0,3,158974,10900,3
600,364,USR,591533,1091533,822775,593758,1093758,825000,1917,12,9,1921,3,18,-999,-999,-999,-999,-999,-999,1196,1196,50000,0,2,147841,9050,3
600,220,FRN,50,50,50,593758,1093758,825000,1918,6,23,1919,9,30,-999,-999,-999,-999,-999,-999,465,465,50,2,3,38843,5277,3
600,740,JPN,1500,1500,1500,593758,1093758,825000,1918,8,3,1920,10,15,-999,-999,-999,-999,-999,-999,805,805,1500,2,3,54739,660,3
600,2,USA,275,275,275,593758,1093758,825000,1918,7,1,1920,4,20,-999,-999,-999,-999,-999,-999,660,660,275,2,3,103208,2897,3
600,200,UKG,350,350,350,593758,1093758,825000,1918,6,23,1920,3,15,-999,-999,-999,-999,-999,-999,632,632,350,2,3,46410,4222,3
600,375,FIN,50,50,50,593758,1093758,825000,1919,4,15,1919,4,30,-999,-999,-999,-999,-999,-999,16,16,50,2,1,3333,38,3
602,710,CHN,1000,1000,1000,1000,1000,1000,1917,-999,-999,1918,-999,-999,-999,-999,-999,-999,-999,-999,2,730,1000,0,2,459503,900,3
603,375,FIN,7500,20000,11750,7500,20000,11750,1918,1,28,1918,4,30,-999,-999,-999,-999,-999,-999,93,93,20000,0,1,3333,38,3
604,310,HUN,4000,4000,4000,4000,4000,4000,1919,3,25,1920,2,15,-999,-999,-999,-999,-999,-999,328,328,4000,0,2,7874,27,3
605,364,USR,6700,6700,6700,6700,6700,6700,1920,8,-999,1921,8,-999,-999,-999,-999,-999,-999,-999,336,396,-999,0,1,126696,3050,3
607,70,MEX,7000,7000,7000,7000,7000,7000,1923,12,4,1924,2,-999,-999,-999,-999,-999,-999,-999,60,87,7000,0,1,14693,66,3
608,355,BUL,3000,3000,3000,3000,3000,3000,1923,9,23,1923,9,28,-999,-999,-999,-999,-999,-999,6,6,3000,0,1,5101,20,3
609,91,HON,1000,1000,1000,1000,1000,1000,1924,2,9,1924,3,31,-999,-999,-999,-999,-999,-999,52,52,1000,0,1,826,3,3
610,700,AFG,1500,1500,1500,1500,1500,1500,1924,3,15,1925,1,15,-999,-999,-999,-999,-999,-999,307,307,1500,0,1,6590,65,3
612,710,CHN,10000,10000,10000,10500,10500,10500,1926,7,1,1928,6,30,-999,-999,-999,-999,-999,-999,731,731,10000,0,1,471654,1700,3
612,740,JPN,500,500,500,10500,10500,10500,1927,6,1,1928,6,1,-999,-999,-999,-999,-999,-999,367,367,500,1,4,61659,274,3
613,70,MEX,10000,70000,40000,10000,70000,40000,1926,8,31,1930,6,15,-999,-999,-999,-999,-999,-999,1385,1385,10000,0,1,15468,64,3
614,700,AFG,7500,30000,18750,7500,30000,18750,1928,11,10,1929,10,15,-999,-999,-999,-999,-999,-999,340,340,7500,0,1,7131,60,3
615,710,CHN,1000,200000,200000,1000,200000,200000,1928,-999,-999,1928,-999,-999,-999,-999,-999,-999,-999,-999,1,366,200000,0,1,474787,1700,3
617,70,MEX,2000,2000,2000,2000,2000,2000,1929,3,3,1929,5,4,-999,-999,-999,-999,-999,-999,63,63,2000,0,1,16296,70,3
618,670,SAU,700,1000,850,700,1000,850,1929,3,30,1930,1,10,-999,-999,-999,-999,-999,-999,287,287,1000,0,1,2620,4,3
619,710,CHN,75000,75000,75000,75000,75000,75000,1929,3,1,1930,10,13,-999,-999,-999,-999,-999,-999,592,592,75000,0,1,478830,1700,3
620,710,CHN,200000,500000,500000,200000,500000,500000,1930,11,15,1935,10,15,-999,-999,-999,-999,-999,-999,1796,1796,200000,0,1,482917,1700,3
622,364,USR,1000,20000,20000,1000,20000,20000,1931,-999,-999,1934,-999,-999,-999,-999,-999,-999,-999,-999,733,1461,1000,0,4,160430,562,3
623,92,SAL,1100,8000,2600,1100,8000,2600,1932,1,22,1932,1,25,-999,-999,-999,-999,-999,-999,4,4,8000,0,1,1474,3,3
624,135,PER,1000,2000,1500,1000,2000,1500,1932,7,7,1932,7,17,-999,-999,-999,-999,-999,-999,11,11,2000,0,1,6187,11,3
625,140,BRA,1000,5000,3000,1000,5000,3000,1932,6,9,1932,8,31,-999,-999,-999,-999,-999,-999,84,84,1000,0,1,34957,71,3
627,305,AUS,311,2000,311,311,2000,311,1934,2,12,1934,7,30,-999,-999,-999,-999,-999,-999,169,169,1000,0,1,6755,21,3
628,230,SPN,1335,1335,1335,1335,1335,1335,1934,10,4,1934,10,8,-999,-999,-999,-999,-999,-999,5,5,1300,0,1,24348,138,3
629,230,SPN,154200,257000,218700,160500,320000,225000,1936,7,18,1939,3,29,-999,-999,-999,-999,-999,-999,985,985,650000,0,1,24810,475,3
629,255,GMY,300,300,300,160500,320000,225000,1936,8,27,1939,3,29,-999,-999,-999,-999,-999,-999,945,945,300,2,4,67348,596,3
629,235,POR,2000,2000,2000,160500,320000,225000,1936,8,1,1939,3,29,-999,-999,-999,-999,-999,-999,971,971,2000,2,1,7300,37,3
629,325,ITA,4000,4000,4000,160500,320000,225000,1936,7,30,1939,3,29,-999,-999,-999,-999,-999,-999,973,973,4000,2,1,43150,343,3
630,200,UKG,135,135,135,154000,154000,154000,1944,12,5,1945,1,11,-999,-999,-999,-999,-999,-999,38,38,135,1,4,48898,4900,3
630,350,GRC,153865,153865,153865,154000,154000,154000,1944,12,3,1945,2,12,1946,11,15,1949,10,16,1139,1139,160000,0,1,7456,15,3
632,710,CHN,1209900,1245000,1209900,1209900,1245000,1209900,1946,3,15,1950,4,21,-999,-999,-999,-999,-999,-999,1499,1499,1000000,0,1,553269,4158,3
633,150,PAR,4000,4000,4000,4000,4000,4000,1947,3,7,1947,8,20,-999,-999,-999,-999,-999,-999,167,167,1000,0,1,1305,9,3
634,710,CHN,540,1000,1000,540,1000,1000,1947,2,28,1947,3,21,-999,-999,-999,-999,-999,-999,22,22,1000,0,1,557992,4013,3
635,678,YAR,4000,4000,4000,4000,4000,4000,1948,2,17,1948,3,20,-999,-999,-999,-999,-999,-999,33,33,4000,0,1,3212,18,3
637,94,COS,2000,2000,2000,2000,2000,2000,1948,3,12,1948,4,17,-999,-999,-999,-999,-999,-999,37,37,2000,0,1,808,1,3
638,100,COL,549,1400,549,549,1400,549,1948,4,9,1949,4,12,-999,-999,-999,-999,-999,-999,369,369,1400,0,1,10845,17,3
639,775,MYA,10235,10375,10375,10235,10375,10375,1948,9,15,1951,7,31,-999,-999,-999,-999,-999,-999,1050,1050,8000,0,1,18119,3,3
640,100,COL,134820,134820,134820,134820,134820,134820,1949,9,15,1962,12,31,-999,-999,-999,-999,-999,-999,4856,4856,300000,0,1,11087,17,3
641,850,INS,5000,5000,5000,5000,5000,5000,1950,5,31,1950,11,3,-999,-999,-999,-999,-999,-999,157,157,5000,0,1,75449,600,3
642,840,PHI,9000,9000,9000,9000,9000,9000,1950,9,1,1952,7,1,-999,-999,-999,-999,-999,-999,670,670,9000,0,1,20275,29,3
643,145,BOL,450,1500,600,450,1500,600,1952,4,9,1952,4,11,-999,-999,-999,-999,-999,-999,3,3,1500,0,1,3070,9,3
644,850,INS,521,1000,1000,521,1000,1000,1953,9,20,1953,11,23,-999,-999,-999,-999,-999,-999,65,65,1000,0,1,79548,100,3
645,90,GUA,48,48,48,48,48,48,1954,6,8,1954,6,30,-999,-999,-999,-999,-999,-999,23,23,1000,0,1,3171,7,3
647,160,ARG,900,900,900,900,900,900,1955,6,15,1955,9,19,-999,-999,-999,-999,-999,-999,97,97,3000,0,1,18928,148,3
648,710,CHN,71000,71000,71000,71000,71000,71000,1956,3,1,1959,3,22,-999,-999,-999,-999,-999,-999,1117,1117,40000,0,4,628280,3130,3
649,850,INS,4995,33444,33444,4995,33444,33444,1956,12,15,1960,12,31,-999,-999,-999,-999,-999,-999,1478,1478,30000,0,1,84567,248,3
650,660,LEB,999,1399,1399,1000,1400,1400,1958,5,9,1958,9,15,-999,-999,-999,-999,-999,-999,130,130,1400,0,1,1752,9,3
650,2,USA,1,1,1,1000,1400,1400,1958,7,16,1958,9,15,-999,-999,-999,-999,-999,-999,62,62,-999,1,4,174236,2411,3
652,40,CUB,5000,5000,5000,5000,5000,5000,1958,6,15,1959,1,2,-999,-999,-999,-999,-999,-999,202,202,5000,0,1,6763,19,3
653,645,IRQ,500,5000,2000,500,5000,2000,1959,3,6,1959,3,10,-999,-999,-999,-999,-999,-999,5,5,2000,0,1,6682,57,3
654,817,RVN,164391,164391,164391,164730,164730,164730,1960,1,1,1965,2,6,-999,-999,-999,-999,-999,-999,1864,1864,300000,0,1,14100,160,3
654,2,USA,339,339,339,164730,164730,164730,1961,1,1,1965,2,6,-999,-999,-999,-999,-999,-999,1498,1498,2000,1,4,183142,2307,3
655,211,BEL,50,50,50,30698,33961,,1960,7,4,1960,9,1,1964,11,7,1964,11,22,76,76,50,1,1,9153,110,3
655,490,ZAI,30648,33911,33911,30698,33961,,1960,7,4,1965,9,1,-999,-999,-999,-999,-999,-999,1886,1886,100000,0,1,14169,25,3
657,812,LAO,3000,5000,5000,3000,5000,5000,1960,10,15,1962,7,15,-999,-999,-999,-999,-999,-999,639,639,5000,0,1,2337,29,3
658,645,IRQ,33000,33000,33000,33000,33000,33000,1961,9,16,1963,11,22,-999,-999,-999,-999,-999,-999,798,798,500,0,1,7098,74,3
659,615,ALG,150000,150000,150000,150000,150000,150000,1962,7,28,1963,1,15,-999,-999,-999,-999,-999,-999,172,172,1500,0,1,10920,60,3
660,678,YAR,9000,91000,49000,10000,101000,50000,1962,11,15,1969,9,3,-999,-999,-999,-999,-999,-999,2485,2485,100000,0,1,4224,2,3
660,651,EGY,1000,10000,1000,10000,101000,50000,1962,12,15,1967,10,31,-999,-999,-999,-999,-999,-999,1782,1782,1000,1,1,27257,110,3
662,812,LAO,15000,15000,15000,18500,18500,18500,1963,4,19,1973,2,15,-999,-999,-999,-999,-999,-999,3591,3591,15000,0,1,2509,80,3
662,2,USA,500,500,500,18500,18500,18500,1964,5,15,1973,2,1,-999,-999,-999,-999,-999,-999,3185,3185,500,1,4,191830,2495,3
662,816,DRV,3000,3000,3000,18500,18500,18500,1965,5,15,1973,2,15,-999,-999,-999,-999,-999,-999,2834,2834,3000,2,1,19000,256,3
663,625,SUD,10000,55000,20000,10000,55000,20000,1963,10,1,1972,2,28,-999,-999,-999,-999,-999,-999,3073,3073,250000,0,1,11992,11,3
664,517,RWA,2500,2500,2500,2500,2500,2500,1963,11,15,1964,2,6,-999,-999,-999,-999,-999,-999,84,84,2500,0,1,2924,1,3
665,42,DOM,2500,4000,3250,2526,4027,3276,1965,4,25,1965,9,1,-999,-999,-999,-999,-999,-999,130,130,2500,0,1,3513,19,3
665,2,USA,26,27,26,2526,4027,3276,1965,4,29,1965,9,1,-999,-999,-999,-999,-999,-999,126,126,26,1,4,194240,2463,3
667,500,UGA,2000,2900,2000,2000,2900,2000,1966,5,23,1966,6,1,-999,-999,-999,-999,-999,-999,10,10,2000,0,1,8511,4,3
668,90,GUA,6650,6650,6650,6650,6650,6650,1966,10,-999,1972,7,12,-999,-999,-999,-999,-999,-999,2082,2112,58000,0,1,4565,9,3
669,220,FRN,35,35,35,3500,3500,3500,1969,1,1,1971,6,16,-999,-999,-999,-999,-999,-999,897,897,35,1,4,50320,503,3
669,483,CHA,3465,3465,3465,3500,3500,3500,1966,11,-999,1971,6,16,-999,-999,-999,-999,-999,-999,1660,1689,246,0,1,3371,5,3
670,710,CHN,50000,50000,50000,50000,50000,50000,1967,1,15,1968,9,1,-999,-999,-999,-999,-999,-999,596,596,50000,0,4,763680,3360,3
672,475,NIG,75000,75000,75000,75000,75000,75000,1967,7,6,1970,1,12,-999,-999,-999,-999,-999,-999,922,922,100000,0,1,51568,20,3
673,775,MYA,24825,24825,24825,24825,24825,24825,1968,-999,-999,1980,10,22,-999,-999,-999,-999,-999,-999,4314,4679,25000,0,1,25867,138,3
674,800,THI,1700,2840,2740,1700,2840,2740,1970,1,-999,1973,10,-999,-999,-999,-999,-999,-999,-999,1340,1400,1650,0,1,36370,175,3
675,811,CAM,179000,294000,244000,185000,300000,250000,1970,3,20,1975,3,15,-999,-999,-999,-999,-999,-999,1822,1822,50000,0,1,6897,124,3
675,2,USA,500,500,500,185000,300000,250000,1970,5,1,1973,1,1,-999,-999,-999,-999,-999,-999,977,977,500,1,4,204801,3066,3
675,816,DRV,500,500,500,185000,300000,250000,1970,3,30,1975,3,15,-999,-999,-999,-999,-999,-999,1812,1812,500,2,1,21150,452,3
675,817,RVN,5000,5000,5000,185000,300000,250000,1970,3,27,1972,4,30,-999,-999,-999,-999,-999,-999,766,766,5000,1,1,18330,1000,3
677,652,SYR,100,100,100,3440,3440,3440,1970,9,20,1970,9,23,-999,-999,-999,-999,-999,-999,4,4,100,2,1,6258,70,3
677,663,JOR,3340,3340,3340,3440,3440,3440,1970,9,17,1970,9,24,-999,-999,-999,-999,-999,-999,8,8,2000,0,1,2299,60,3
678,90,GUA,1600,1600,1600,1600,1600,1600,1970,11,15,1971,9,15,-999,-999,-999,-999,-999,-999,305,305,1000,0,1,5272,9,3
679,770,PAK,50000,50000,50000,50000,50000,50000,1971,3,25,1971,12,2,-999,-999,-999,-999,-999,-999,253,253,500000,0,1,61880,390,3
680,780,SRI,1260,2000,1630,1260,2000,1630,1971,4,6,1971,5,16,-999,-999,-999,-999,-999,-999,41,41,2000,0,1,12690,11,3
682,840,PHI,19000,60000,20000,19000,60000,20000,1972,1,1,1980,3,18,-999,-999,-999,-999,-999,-999,3000,3000,15000,0,1,38991,31,3
683,516,BUI,1000,5000,3000,1000,5000,3000,1972,4,30,1972,5,25,-999,-999,-999,-999,-999,-999,26,26,50000,0,1,3730,2,3
684,840,PHI,23150,23150,23150,23150,23150,23150,1972,10,1,1992,12,31,-999,-999,-999,-999,-999,-999,7397,7397,40000,0,1,38991,31,3
685,552,ZIM,27000,27000,27000,27000,27000,27000,1972,12,28,1979,12,28,-999,-999,-999,-999,-999,-999,2557,2557,12000,0,1,5690,5,3
687,770,PAK,8600,9000,8800,8600,9000,8800,1973,1,23,1977,7,-999,-999,-999,-999,-999,-999,-999,1621,1651,8600,0,1,66749,400,3
688,155,CHL,2095,2095,2095,2095,2095,2095,1973,9,11,1973,9,15,-999,-999,-999,-999,-999,-999,5,5,100,0,1,9899,60,3
689,530,ETH,150000,350000,200000,150000,350000,200000,1974,1,1,1991,5,28,-999,-999,-999,-999,-999,-999,6357,6357,64000,0,1,27239,45,3
690,645,IRQ,12250,20250,16250,12250,20250,16250,1974,3,18,1975,4,3,-999,-999,-999,-999,-999,-999,382,382,4500,0,1,10765,110,3
691,660,LEB,110757,140852,140852,110757,142765,142765,1975,4,13,1990,10,13,-999,-999,-999,-999,-999,-999,5663,5663,26000,0,1,2799,15,3
693,540,ANG,97100,91200,95200,100000,100000,100000,1975,11,11,1991,5,31,-999,-999,-999,-999,-999,-999,5681,5681,341000,0,1,6520,26,3
693,40,CUB,2100,8000,4000,100000,100000,100000,1975,11,11,1991,5,31,-999,-999,-999,-999,-999,-999,5681,5681,4000,1,1,9299,117,3
693,560,SAF,800,800,800,100000,100000,100000,1975,12,20,1989,6,-999,-999,-999,-999,-999,-999,-999,4913,4942,800,2,1,25446,51,3
694,520,SOM,1900,1900,1900,24250,40000,32000,1976,7,1,1977,8,1,1978,3,14,1983,8,13,2376,2376,1900,2,1,3356,25,3
694,530,ETH,20850,36600,28600,24250,40000,32000,1976,7,1,1977,8,1,1978,3,14,1983,8,13,2376,2376,9000,0,1,28191,51,3
694,40,CUB,1500,1500,1500,24250,40000,32000,1976,7,1,1977,8,1,1978,3,14,1983,8,13,2376,2376,1500,1,1,9430,125,3
695,90,GUA,24800,24800,24800,24800,24800,24800,1978,3,12,1984,4,13,-999,-999,-999,-999,-999,-999,2225,2225,73000,0,1,6621,14,3
697,530,ETH,16000,16000,16000,16000,16000,16000,1978,3,20,1991,5,28,-999,-999,-999,-999,-999,-999,4818,4818,15000,0,1,29710,94,3
698,700,AFG,501547,501547,501547,516000,516000,516000,1978,6,1,1992,4,-999,-999,-999,-999,-999,-999,-999,5054,5083,1045000,0,1,16090,110,3
698,364,USR,14453,14453,14453,516000,516000,516000,1979,12,22,1989,2,15,-999,-999,-999,-999,-999,-999,3344,3344,14454,1,4,263425,3658,3
699,630,IRN,4650,4650,4650,4650,4650,4650,1978,9,3,1979,12,31,-999,-999,-999,-999,-999,-999,485,485,7500,0,1,36109,410,3
700,93,NIC,10000,25000,10000,10000,25000,10000,1978,10,1,1979,7,18,-999,-999,-999,-999,-999,-999,291,291,35000,0,1,2395,7,3
702,811,CAM,16850,175000,65700,41850,200000,90700,1978,12,25,1991,10,23,-999,-999,-999,-999,-999,-999,4686,4686,15000,0,1,6443,10,3
702,816,DRV,25000,25000,25000,41850,200000,90700,1978,12,25,1989,9,-999,-999,-999,-999,-999,-999,-999,3904,3933,25300,1,1,52526,1020,3
703,92,SAL,55000,55000,55000,55000,55000,55000,1979,7,1,1992,2,1,-999,-999,-999,-999,-999,-999,4599,4599,25000,0,1,4435,7,3
704,541,MZM,15550,180249,109199,16100,180799,109749,1979,10,21,1992,10,4,-999,-999,-999,-999,-999,-999,4733,4733,200000,0,1,11629,24,3
704,552,ZIM,500,500,500,16100,180799,109749,1984,-999,-999,1992,10,4,-999,-999,-999,-999,-999,-999,2835,3200,500,1,1,7980,41,3
704,510,TAZ,50,50,50,16100,180799,109749,1985,-999,-999,1992,10,4,-999,-999,-999,-999,-999,-999,2470,2834,50,1,1,20998,40,3
705,483,CHA,26000,26000,26000,27200,27200,27200,1980,3,22,1988,8,7,-999,-999,-999,-999,-999,-999,3061,3061,3500,0,1,4477,3,3
705,620,LIB,1000,1000,1000,27200,27200,27200,1982,10,12,1988,8,7,-999,-999,-999,-999,-999,-999,2127,2127,1000,2,1,3330,55,3
705,220,FRN,200,200,200,27200,27200,27200,1983,8,9,1988,8,7,-999,-999,-999,-999,-999,-999,1826,1826,200,1,4,54652,492,3
707,475,NIG,1050,7000,4025,1050,7000,4025,1980,12,18,1981,1,1,-999,-999,-999,-999,-999,-999,15,15,5000,0,1,8055,160,3
708,500,UGA,105800,105800,105800,105800,105800,105800,1980,10,8,1988,4,24,-999,-999,-999,-999,-999,-999,2756,2756,102000,0,1,13179,7,3
709,630,IRN,2000,4500,4500,2000,4500,4500,1981,6,6,1982,5,3,-999,-999,-999,-999,-999,-999,332,332,14000,0,1,39536,195,3
710,135,PER,29800,30493,30493,29800,30493,30493,1982,3,4,1995,12,31,-999,-999,-999,-999,-999,-999,5051,5051,30000,0,1,18226,136,3
712,93,NIC,30100,30100,30100,30100,30100,30100,1982,3,18,1990,4,19,-999,-999,-999,-999,-999,-999,2955,2955,43000,0,1,2955,41,3
713,520,SOM,67290,67290,67290,67350,67350,67350,1982,4,21,1997,12,22,-999,-999,-999,-999,-999,-999,5725,5725,95000,0,1,5085,63,3
713,2,USA,29,29,29,67350,67350,67350,1992,12,13,1992,12,31,-999,-999,-999,-999,-999,-999,19,19,18,3,4,255020,1914,3
713,220,FRN,2,2,2,67350,67350,67350,1992,12,13,1992,12,31,-999,-999,-999,-999,-999,-999,19,19,-999,3,4,57370,432,3
713,475,NIG,0,0,0,67350,67350,67350,1992,12,13,1992,12,31,-999,-999,-999,-999,-999,-999,19,19,-999,3,1,115660,76,3
713,325,ITA,0,0,0,67350,67350,67350,1992,12,13,1992,12,31,-999,-999,-999,-999,-999,-999,19,19,-999,3,1,56780,354,3
714,775,MYA,9363,21077,10713,9363,21077,10713,1983,2,1,1995,1,7,-999,-999,-999,-999,-999,-999,4359,4359,9000,0,1,36747,179,3
715,780,SRI,41350,41350,41350,42500,42500,42500,1983,7,25,-888,-888,-888,-888,-888,-888,-888,-888,-888,-888,-888,8500,0,1,15416,18,3
715,750,IND,1150,1150,1150,42500,42500,42500,1987,7,25,1990,5,24,-999,-999,-999,-999,-999,-999,1035,1035,900,1,1,781374,1262,3
717,625,SUD,47000,47000,47000,47000,47000,47000,1983,11,17,-888,-888,-888,-888,-888,-888,-888,-888,-888,-888,-888,1300000,0,1,20362,58,3
718,475,NIG,1000,1000,1000,1000,1000,1000,1984,2,2,1984,3,4,-999,-999,-999,-999,-999,-999,32,32,1000,0,1,92037,133,3
720,645,IRQ,20536,87083,87083,20536,87083,,1985,1,-999,1993,12,31,-999,-999,-999,-999,-999,-999,3257,3287,10000,0,1,15661,520,3
722,750,IND,24022,35734,28416,24022,35734,28416,1985,-999,-999,-888,-888,-888,-888,-888,-888,-888,-888,-888,-888,-888,30000,0,1,761203,1260,3
723,680,YPR,10000,13000,11500,10000,13000,11500,1986,1,13,1986,1,29,-999,-999,-999,-999,-999,-999,17,17,12000,0,1,2220,27,3
724,780,SRI,5000,5000,5000,5000,5000,5000,1987,9,-999,1989,12,-999,-999,-999,-999,-999,-999,-999,794,853,30000,0,1,16361,22,3
725,516,BUI,2000,2000,2000,2000,2000,2000,1988,8,18,1988,8,22,-999,-999,-999,-999,-999,-999,5,5,5000,0,1,5149,5,3
727,450,LBR,1100,10000,5100,1100,10000,5100,1989,12,-999,1990,11,28,-999,-999,-999,-999,-999,-999,333,363,10000,0,1,2400,5,3
727,475,NIG,,,,1100,10000,5100,1990,11,-999,1990,11,28,-999,-999,-999,-999,-999,-999,1,28,-999,2,1,108542,95,3
728,360,RUM,909,909,909,909,909,909,1989,12,21,1989,12,22,-999,-999,-999,-999,-999,-999,2,2,1014,0,1,23152,171,3
729,517,RWA,4800,4800,4800,4800,4800,4800,1990,9,30,1993,8,4,-999,-999,-999,-999,-999,-999,1040,1040,2000,0,1,7181,5,3
730,451,SIE,3497,3497,3497,3497,3497,3497,1991,3,23,1996,4,23,-999,-999,-999,-999,-999,-999,1859,1859,20000,0,1,4260,6,3
733,342,YUG,9150,9150,9150,9150,9150,9150,1991,5,1,1992,1,3,-999,-999,-999,-999,-999,-999,248,248,10000,0,1,23928,135,3
734,640,TUR,30300,30300,30300,30300,30300,30300,1991,7,10,-888,-888,-888,-888,-888,-888,-888,-888,-888,-888,-888,28000,0,1,57390,579,3
735,516,BUI,300,1000,550,300,1000,550,1991,11,23,1991,12,31,-999,-999,-999,-999,-999,-999,39,39,3000,0,1,5620,7,3
736,372,GRG,2916,2991,2940,2916,2991,2940,1991,12,25,1994,5,14,-999,-999,-999,-999,-999,-999,872,872,3000,0,1,5460,-999,3
737,371,ARM,4000,4000,4000,10600,20000,20000,1991,12,25,1994,7,27,-999,-999,-999,-999,-999,-999,946,946,-999,2,1,3610,-999,3
737,373,AZE,6600,16000,16000,10600,20000,20000,1991,12,25,1994,7,27,-999,-999,-999,-999,-999,-999,946,946,3250,0,1,7390,-999,3
738,346,BOS,55000,55000,55000,55000,55000,55000,1992,3,3,1995,11,21,-999,-999,-999,-999,-999,-999,1359,1359,250000,0,1,-999,50,3
738,342,YUG,,,,55000,55000,55000,1992,3,3,1992,12,31,-999,-999,-999,-999,-999,-999,304,304,-999,2,1,10630,127,3
740,702,TAJ,31301,51324,41324,31301,51324,41324,1992,5,1,1997,6,27,-999,-999,-999,-999,-999,-999,1884,1884,20000,0,1,-999,3,3
742,475,NIG,,,,2500,8000,2500,1992,10,15,1992,12,31,-999,-999,-999,-999,-999,-999,78,78,-999,1,1,115660,76,3
742,450,LBR,2500,8000,2500,2500,8000,2500,1992,10,15,1995,8,19,-999,-999,-999,-999,-999,-999,1039,1039,150000,0,1,2580,5,3
743,540,ANG,43000,43000,43000,43000,43000,43000,1992,10,28,1994,11,22,-999,-999,-999,-999,-999,-999,756,756,100000,0,1,10610,128,3
744,490,ZAI,300,1000,650,300,1000,650,1993,1,28,1993,2,4,-999,-999,-999,-999,-999,-999,8,8,1000,0,1,39880,49,3
745,516,BUI,1401,2024,1789,1401,2024,1789,1993,10,21,-888,-888,-888,-888,-888,-888,-888,-888,-888,-888,-888,200000,0,1,5960,7,3
747,811,CAM,250,10715,500,250,10715,500,1993,1,29,1997,7,1,-999,-999,-999,-999,-999,-999,1615,1615,15000,0,1,9300,102,3
748,364,USR,45500,45500,45500,45500,45500,45500,1994,12,11,1996,4,30,-999,-999,-999,-999,-999,-999,507,507,30000,0,4,147760,1714,3
749,517,RWA,700,700,700,700,700,700,1994,4,6,1994,7,18,-999,-999,-999,-999,-999,-999,104,104,500000,0,1,7550,5,3
750,679,YEM,4000,7000,5500,4000,7000,5500,1994,2,21,1994,7,7,-999,-999,-999,-999,-999,-999,137,137,7000,0,1,12300,66,3
752,770,PAK,324,2625,1225,324,2625,1225,1994,11,4,1995,12,31,-999,-999,-999,-999,-999,-999,423,423,2000,0,1,122800,577,3
753,500,UGA,750,750,750,750,750,750,1996,2,8,-888,-888,-888,-888,-888,-888,-888,-888,-888,-888,-888,10000,0,1,-999,-999,3
754,450,LBR,25,999,,25,999,,1996,4,5,1996,8,20,-999,-999,-999,-999,-999,-999,138,138,3000,0,1,-999,-999,3
756,645,IRQ,300,1500,1500,1500,1500,1500,1996,8,31,1996,9,7,-999,-999,-999,-999,-999,-999,8,8,1500,0,1,-999,-999,3
757,490,ZAI,4000,4000,4000,4000,4000,4000,1996,10,8,1997,5,17,-999,-999,-999,-999,-999,-999,222,222,1000,0,1,-999,-999,3
757,500,UGA,,,,4000,4000,4000,1997,1,1,1997,1,30,-999,-999,-999,-999,-999,-999,30,30,-999,2,1,-999,-999,3
757,517,RWA,,,,4000,4000,4000,1997,1,1,1997,5,17,-999,-999,-999,-999,-999,-999,137,137,-999,2,1,-999,-999,3
757,540,ANG,,,,4000,4000,4000,1997,4,28,1997,5,17,-999,-999,-999,-999,-999,-999,20,20,-999,2,1,-999,-999,3
760,540,ANG,,,,7000,10000,7000,1997,10,10,1997,10,15,-999,-999,-999,-999,-999,-999,6,6,-999,2,1,-999,-999,3
760,484,CON,7000,10000,7000,7000,10000,7000,1997,6,5,1997,10,15,-999,-999,-999,-999,-999,-999,133,133,4000,0,1,-999,-999,3
