ID,Year,WarNo,WarName,YrBeg1,bdeadlow,bdeadhigh,bdeadbest,yrlydata,MonBeg1,DayBeg1,YrEnd1,MonEnd1,DayEnd1,YrBeg2,MonBeg2,DayBeg2,YrEnd2,MonEnd2,DayEnd2,WarType,NonState,Winner,Interven,MinDur,MaxDur,StDeaths,ToDeaths,CenSubSy,MajPowIn,WestHem,Europe,Africa,MidEast,Asia,Oceania,Edition,Version
3921899,1899,392,American-Philippino,1899,4245,4245,4245,1,2,4,1902,7,4,-999,-999,-999,-999,-999,-999,2,Philippines,1,0,1246,1246,4500,12500,1,1,0,0,0,0,1,0,0,3
3921900,1900,392,American-Philippino,1899,4276,6662,5329,1,2,4,1902,7,4,-999,-999,-999,-999,-999,-999,2,Philippines,1,0,1246,1246,4500,12500,1,1,0,0,0,0,1,0,0,3
3921901,1901,392,American-Philippino,1899,4276,6663,5330,1,2,4,1902,7,4,-999,-999,-999,-999,-999,-999,2,Philippines,1,0,1246,1246,4500,12500,1,1,0,0,0,0,1,0,0,3
3921902,1902,392,American-Philippino,1899,4276,6664,5330,1,2,4,1902,7,4,-999,-999,-999,-999,-999,-999,2,Philippines,1,0,1246,1246,4500,12500,1,1,0,0,0,0,1,0,0,3
3931899,1899,393,Somali Rebellion,1899,400,400,400,1,9,-999,1905,3,5,-999,-999,-999,-999,-999,-999,2,Muhammad ibn abd Allah Hassan,1,0,1983,2012,6000,-999,1,1,0,0,1,0,0,0,3,3
3931900,1900,393,Somali Rebellion,1899,400,400,400,1,9,-999,1905,3,5,-999,-999,-999,-999,-999,-999,2,Muhammad ibn abd Allah Hassan,1,0,1983,2012,6000,-999,1,1,0,0,1,0,0,0,3,3
3931901,1901,393,Somali Rebellion,1899,550,550,550,1,9,-999,1905,3,5,-999,-999,-999,-999,-999,-999,2,Muhammad ibn abd Allah Hassan,1,0,1983,2012,6000,-999,1,1,0,0,1,0,0,0,3,3
3931902,1902,393,Somali Rebellion,1899,600,600,600,1,9,-999,1905,3,5,-999,-999,-999,-999,-999,-999,2,Muhammad ibn abd Allah Hassan,1,0,1983,2012,6000,-999,1,1,0,0,1,0,0,0,3,3
3931903,1903,393,Somali Rebellion,1899,1100,1100,1100,1,9,-999,1905,3,5,-999,-999,-999,-999,-999,-999,2,Muhammad ibn abd Allah Hassan,1,0,1983,2012,6000,-999,1,1,0,0,1,0,0,0,3,3
3931904,1904,393,Somali Rebellion,1899,1050,1050,1050,1,9,-999,1905,3,5,-999,-999,-999,-999,-999,-999,2,Muhammad ibn abd Allah Hassan,1,0,1983,2012,6000,-999,1,1,0,0,1,0,0,0,3,3
3931905,1905,393,Somali Rebellion,1899,100,100,100,1,9,-999,1905,3,5,-999,-999,-999,-999,-999,-999,2,Muhammad ibn abd Allah Hassan,1,0,1983,2012,6000,-999,1,1,0,0,1,0,0,0,3,3
3951899,1899,395,Boer War of 1899,1899,3106,3106,3106,0,10,11,1902,5,31,-999,-999,-999,-999,-999,-999,3,Boer Republics,1,0,963,963,22000,35000,1,1,0,0,1,0,0,0,0,3
3951900,1900,395,Boer War of 1899,1899,3106,3106,3106,0,10,11,1902,5,31,-999,-999,-999,-999,-999,-999,3,Boer Republics,1,0,963,963,22000,35000,1,1,0,0,1,0,0,0,0,3
3951901,1901,395,Boer War of 1899,1899,3106,3106,3106,0,10,11,1902,5,31,-999,-999,-999,-999,-999,-999,3,Boer Republics,1,0,963,963,22000,35000,1,1,0,0,1,0,0,0,0,3
3951902,1902,395,Boer War of 1899,1899,3106,3106,3106,0,10,11,1902,5,31,-999,-999,-999,-999,-999,-999,3,Boer Republics,1,0,963,963,22000,35000,1,1,0,0,1,0,0,0,0,3
3961903,1903,396,British Conquest of Kano &Sokoto,1903,365,1000,365,1,1,29,1903,7,27,-999,-999,-999,-999,-999,-999,2,Kano & Sokoto,1,0,180,180,1000,-999,1,1,0,0,1,0,0,0,0,3
3971904,1904,397,South West African Revolt,1904,5943,5943,5943,0,1,12,1905,11,-999,-999,-999,-999,-999,-999,-999,2,Herero & Nama,1,0,660,689,2000,80000,1,1,0,0,1,0,0,0,3,3
3971905,1905,397,South West African Revolt,1904,5944,5944,5944,0,1,12,1905,11,-999,-999,-999,-999,-999,-999,-999,2,Herero & Nama,1,0,660,689,2000,80000,1,1,0,0,1,0,0,0,3,3
3991905,1905,399,Maji-Maji Revolt,1905,500,500,500,0,7,-999,1906,6,-999,-999,-999,-999,-999,-999,-999,2,Maji-Maji in Tanganyka,1,0,306,365,1000,150000,1,1,0,0,1,0,0,0,3,3
3991906,1906,399,Maji-Maji Revolt,1905,500,500,500,0,7,-999,1906,6,-999,-999,-999,-999,-999,-999,-999,2,Maji-Maji in Tanganyka,1,0,306,365,1000,150000,1,1,0,0,1,0,0,0,3,3
4001906,1906,400,British-Zulu of 1906,1906,2356,2356,2356,1,3,-999,1906,7,-999,-999,-999,-999,-999,-999,-999,2,Zulus,1,0,93,153,5000,-999,1,1,0,0,1,0,0,0,2,3
4011911,1911,401,First Moroccan,1911,50,200,100,1,-999,-999,1912,3,30,-999,-999,-999,-999,-999,-999,3,Morocco,1,1,91,455,1000,-999,1,1,0,0,0,1,0,0,2,3
4011912,1912,401,First Moroccan,1911,3146,3146,3146,1,-999,-999,1912,3,30,-999,-999,-999,-999,-999,-999,3,Morocco,1,1,91,455,1000,-999,1,1,0,0,0,1,0,0,2,3
4021912,1912,402,Sino-Tibetan of 1912,1912,1000,1000,1000,0,3,-999,1913,4,-999,-999,-999,-999,-999,-999,-999,3,Tibet,2,0,367,426,2000,-999,1,0,0,0,0,0,1,0,3,3
4021913,1913,402,Sino-Tibetan of 1912,1912,1000,1000,1000,0,3,-999,1913,4,-999,-999,-999,-999,-999,-999,-999,3,Tibet,2,0,367,426,2000,-999,1,0,0,0,0,0,1,0,3,3
4041916,1916,404,Second Moroccan,1916,1000,1000,1000,0,-999,-999,1917,-999,-999,-999,-999,-999,-999,-999,-999,2,Morocco,1,1,2,731,2000,-999,1,1,0,0,0,1,0,0,2,3
4041917,1917,404,Second Moroccan,1916,1000,1000,1000,0,-999,-999,1917,-999,-999,-999,-999,-999,-999,-999,-999,2,Morocco,1,1,2,731,2000,-999,1,1,0,0,0,1,0,0,2,3
4051918,1918,405,Sino-Tibetan of 1918,1918,1000,1000,1000,1,1,7,1918,8,-999,-999,-999,-999,-999,-999,-999,3,Tibet,6,0,207,237,1000,-999,1,0,0,0,0,0,1,0,3,3
4061918,1918,406,Caco Revolt,1918,695,1056,782,0,10,17,1920,5,19,-999,-999,-999,-999,-999,-999,2,Caco Rebels,1,0,581,581,28,2102,1,1,1,0,0,0,0,0,4,3
4061919,1919,406,Caco Revolt,1918,696,1056,783,0,10,17,1920,5,19,-999,-999,-999,-999,-999,-999,2,Caco Rebels,1,0,581,581,28,2102,1,1,1,0,0,0,0,0,4,3
4061920,1920,406,Caco Revolt,1918,696,1057,783,0,10,17,1920,5,19,-999,-999,-999,-999,-999,-999,2,Caco Rebels,1,0,581,581,28,2102,1,1,1,0,0,0,0,0,4,3
4081919,1919,408,British-Afghan of 1919,1919,1236,1236,1236,1,5,-999,1919,8,8,-999,-999,-999,-999,-999,-999,3,Afghanistan,6,0,70,100,1000,-999,1,1,0,0,0,1,0,0,3,3
4091920,1920,409,Franco-Syrian,1920,5000,5000,5000,0,-999,-999,1920,-999,-999,-999,-999,-999,-999,-999,-999,3,Syrians,1,0,1,366,5000,-999,0,1,0,0,0,1,0,0,2,3
4101920,1920,410,Iraqi-British,1920,4438,4438,4438,0,6,-999,1921,-999,-999,-999,-999,-999,-999,-999,-999,2,Arabs-Iraq,1,0,186,579,2000,-999,0,1,0,0,0,1,0,0,2,3
4101921,1921,410,Iraqi-British,1920,4438,4438,4438,0,6,-999,1921,-999,-999,-999,-999,-999,-999,-999,-999,2,Arabs-Iraq,1,0,186,579,2000,-999,0,1,0,0,0,1,0,0,2,3
4121920,1920,412,Italo-Libyan,1920,3076,3076,3076,0,6,-999,1932,7,-999,-999,-999,-999,-999,-999,-999,2,Libya,1,0,4385,4444,5000,40000,0,0,0,0,0,1,0,0,2,3
4121921,1921,412,Italo-Libyan,1920,3077,3077,3077,0,6,-999,1932,7,-999,-999,-999,-999,-999,-999,-999,2,Libya,1,0,4385,4444,5000,40000,0,0,0,0,0,1,0,0,2,3
4121922,1922,412,Italo-Libyan,1920,3077,3077,3077,0,6,-999,1932,7,-999,-999,-999,-999,-999,-999,-999,2,Libya,1,0,4385,4444,5000,40000,0,0,0,0,0,1,0,0,2,3
4121923,1923,412,Italo-Libyan,1920,3077,3077,3077,0,6,-999,1932,7,-999,-999,-999,-999,-999,-999,-999,2,Libya,1,0,4385,4444,5000,40000,0,0,0,0,0,1,0,0,2,3
4121924,1924,412,Italo-Libyan,1920,3077,3077,3077,0,6,-999,1932,7,-999,-999,-999,-999,-999,-999,-999,2,Libya,1,0,4385,4444,5000,40000,0,0,0,0,0,1,0,0,2,3
4121925,1925,412,Italo-Libyan,1920,3077,3077,3077,0,6,-999,1932,7,-999,-999,-999,-999,-999,-999,-999,2,Libya,1,0,4385,4444,5000,40000,0,0,0,0,0,1,0,0,2,3
4121926,1926,412,Italo-Libyan,1920,3077,3077,3077,0,6,-999,1932,7,-999,-999,-999,-999,-999,-999,-999,2,Libya,1,0,4385,4444,5000,40000,0,0,0,0,0,1,0,0,2,3
4121927,1927,412,Italo-Libyan,1920,3077,3077,3077,0,6,-999,1932,7,-999,-999,-999,-999,-999,-999,-999,2,Libya,1,0,4385,4444,5000,40000,0,0,0,0,0,1,0,0,2,3
4121928,1928,412,Italo-Libyan,1920,3077,3077,3077,0,6,-999,1932,7,-999,-999,-999,-999,-999,-999,-999,2,Libya,1,0,4385,4444,5000,40000,0,0,0,0,0,1,0,0,2,3
4121929,1929,412,Italo-Libyan,1920,3077,3077,3077,0,6,-999,1932,7,-999,-999,-999,-999,-999,-999,-999,2,Libya,1,0,4385,4444,5000,40000,0,0,0,0,0,1,0,0,2,3
4121930,1930,412,Italo-Libyan,1920,3077,3077,3077,0,6,-999,1932,7,-999,-999,-999,-999,-999,-999,-999,2,Libya,1,0,4385,4444,5000,40000,0,0,0,0,0,1,0,0,2,3
4121931,1931,412,Italo-Libyan,1920,3077,3077,3077,0,6,-999,1932,7,-999,-999,-999,-999,-999,-999,-999,2,Libya,1,0,4385,4444,5000,40000,0,0,0,0,0,1,0,0,2,3
4121932,1932,412,Italo-Libyan,1920,3077,3077,3077,0,6,-999,1932,7,-999,-999,-999,-999,-999,-999,-999,2,Libya,1,0,4385,4444,5000,40000,0,0,0,0,0,1,0,0,2,3
4131921,1921,413,Riff Rebellion,1921,15488,15488,15488,1,7,18,1926,5,27,-999,-999,-999,-999,-999,-999,2,Riffs,1,1,1775,1775,29000,40000,0,1,0,0,0,1,0,0,0,3
4131922,1922,413,Riff Rebellion,1921,975,975,975,1,7,18,1926,5,27,-999,-999,-999,-999,-999,-999,2,Riffs,1,1,1775,1775,29000,40000,0,1,0,0,0,1,0,0,0,3
4131923,1923,413,Riff Rebellion,1921,658,658,658,1,7,18,1926,5,27,-999,-999,-999,-999,-999,-999,2,Riffs,1,1,1775,1775,29000,40000,0,1,0,0,0,1,0,0,0,3
4131924,1924,413,Riff Rebellion,1921,5957,5957,5957,1,7,18,1926,5,27,-999,-999,-999,-999,-999,-999,2,Riffs,1,1,1775,1775,29000,40000,0,1,0,0,0,1,0,0,0,3
4131925,1925,413,Riff Rebellion,1921,819,819,819,1,7,18,1926,5,27,-999,-999,-999,-999,-999,-999,2,Riffs,1,1,1775,1775,29000,40000,0,1,0,0,0,1,0,0,0,3
4131926,1926,413,Riff Rebellion,1921,623,623,623,1,7,18,1926,5,27,-999,-999,-999,-999,-999,-999,2,Riffs,1,1,1775,1775,29000,40000,0,1,0,0,0,1,0,0,0,3
4141921,1921,414,Moplah Rebellion,1921,1337,1687,1412,0,10,-999,1922,2,-999,-999,-999,-999,-999,-999,-999,2,Muslim Moplah,1,0,94,151,137,2474,0,1,0,0,0,0,1,0,4,3
4141922,1922,414,Moplah Rebellion,1921,1337,1687,1412,0,10,-999,1922,2,-999,-999,-999,-999,-999,-999,-999,2,Muslim Moplah,1,0,94,151,137,2474,0,1,0,0,0,0,1,0,4,3
4161925,1925,416,Franco-Druze,1925,3500,3500,3500,1,7,18,1927,6,1,-999,-999,-999,-999,-999,-999,2,Druze,1,0,684,684,4000,8000,0,1,0,0,0,1,0,0,0,3
4161926,1926,416,Franco-Druze,1925,3500,3500,3500,1,7,18,1927,6,1,-999,-999,-999,-999,-999,-999,2,Druze,1,0,684,684,4000,8000,0,1,0,0,0,1,0,0,0,3
4161927,1927,416,Franco-Druze,1925,1000,1000,1000,1,7,18,1927,6,1,-999,-999,-999,-999,-999,-999,2,Druze,1,0,684,684,4000,8000,0,1,0,0,0,1,0,0,0,3
4171930,1930,417,Saya San's Rebellion,1930,356,1023,1023,0,12,-999,1932,6,-999,-999,-999,-999,-999,-999,-999,2,Peasant Rebels,1,0,519,578,10000,-999,0,1,0,0,0,0,1,0,4,3
4171931,1931,417,Saya San's Rebellion,1930,357,1023,1023,0,12,-999,1932,6,-999,-999,-999,-999,-999,-999,-999,2,Peasant Rebels,1,0,519,578,10000,-999,0,1,0,0,0,0,1,0,4,3
4171932,1932,417,Saya San's Rebellion,1930,357,1024,1024,0,12,-999,1932,6,-999,-999,-999,-999,-999,-999,-999,2,Peasant Rebels,1,0,519,578,10000,-999,0,1,0,0,0,0,1,0,4,3
4181936,1936,418,British-Palestinian,1936,712,1426,712,0,4,20,1939,5,17,-999,-999,-999,-999,-999,-999,2,Palestinians,1,0,1123,1123,2849,-999,0,1,0,0,0,1,0,0,4,3
4181937,1937,418,British-Palestinian,1936,712,1426,712,0,4,20,1939,5,17,-999,-999,-999,-999,-999,-999,2,Palestinians,1,0,1123,1123,2849,-999,0,1,0,0,0,1,0,0,4,3
4181938,1938,418,British-Palestinian,1936,712,1426,712,0,4,20,1939,5,17,-999,-999,-999,-999,-999,-999,2,Palestinians,1,0,1123,1123,2849,-999,0,1,0,0,0,1,0,0,4,3
4181939,1939,418,British-Palestinian,1936,713,1427,713,0,4,20,1939,5,17,-999,-999,-999,-999,-999,-999,2,Palestinians,1,0,1123,1123,2849,-999,0,1,0,0,0,1,0,0,4,3
4201945,1945,420,Indonesian,1945,2500,2500,2500,0,11,10,1946,10,15,-999,-999,-999,-999,-999,-999,2,Indonesia,2,1,340,340,1400,5000,0,1,0,0,0,0,1,0,0,3
4201946,1946,420,Indonesian,1945,2500,2500,2500,0,11,10,1946,10,15,-999,-999,-999,-999,-999,-999,2,Indonesia,2,1,340,340,1400,5000,0,1,0,0,0,0,1,0,0,3
4211945,1945,421,Franco-Indochinese of 1945,1945,36500,36500,36500,0,12,1,1954,6,1,-999,-999,-999,-999,-999,-999,2,Vietminh,2,0,3105,3105,300000,600000,0,1,0,0,0,0,1,0,0,3
4211946,1946,421,Franco-Indochinese of 1945,1945,36500,36500,36500,0,12,1,1954,6,1,-999,-999,-999,-999,-999,-999,2,Vietminh,2,0,3105,3105,300000,600000,0,1,0,0,0,0,1,0,0,3
4211947,1947,421,Franco-Indochinese of 1945,1945,36500,36500,36500,0,12,1,1954,6,1,-999,-999,-999,-999,-999,-999,2,Vietminh,2,0,3105,3105,300000,600000,0,1,0,0,0,0,1,0,0,3
4211948,1948,421,Franco-Indochinese of 1945,1945,36500,36500,36500,0,12,1,1954,6,1,-999,-999,-999,-999,-999,-999,2,Vietminh,2,0,3105,3105,300000,600000,0,1,0,0,0,0,1,0,0,3
4211949,1949,421,Franco-Indochinese of 1945,1945,36500,36500,36500,0,12,1,1954,6,1,-999,-999,-999,-999,-999,-999,2,Vietminh,2,0,3105,3105,300000,600000,0,1,0,0,0,0,1,0,0,3
4211950,1950,421,Franco-Indochinese of 1945,1945,36500,36500,36500,0,12,1,1954,6,1,-999,-999,-999,-999,-999,-999,2,Vietminh,2,0,3105,3105,300000,600000,0,1,0,0,0,0,1,0,0,3
4211951,1951,421,Franco-Indochinese of 1945,1945,36500,36500,36500,0,12,1,1954,6,1,-999,-999,-999,-999,-999,-999,2,Vietminh,2,0,3105,3105,300000,600000,0,1,0,0,0,0,1,0,0,3
4211952,1952,421,Franco-Indochinese of 1945,1945,36500,36500,36500,0,12,1,1954,6,1,-999,-999,-999,-999,-999,-999,2,Vietminh,2,0,3105,3105,300000,600000,0,1,0,0,0,0,1,0,0,3
4211953,1953,421,Franco-Indochinese of 1945,1945,36500,36500,36500,0,12,1,1954,6,1,-999,-999,-999,-999,-999,-999,2,Vietminh,2,0,3105,3105,300000,600000,0,1,0,0,0,0,1,0,0,3
4211954,1954,421,Franco-Indochinese of 1945,1945,36500,36500,36500,0,12,1,1954,6,1,-999,-999,-999,-999,-999,-999,2,Vietminh,2,0,3105,3105,300000,600000,0,1,0,0,0,0,1,0,0,3
4221947,1947,422,Franco-Madagascan of 1947,1947,3476,6090,3476,0,3,29,1948,12,1,-999,-999,-999,-999,-999,-999,2,Madagascar,1,0,614,614,1800,5000,0,1,0,0,1,0,0,0,0,3
4221948,1948,422,Franco-Madagascan of 1947,1947,3476,6090,3476,0,3,29,1948,12,1,-999,-999,-999,-999,-999,-999,2,Madagascar,1,0,614,614,1800,5000,0,1,0,0,1,0,0,0,0,3
4241948,1948,424,Malayan Rebellion,1948,838,838,838,1,6,18,1957,8,31,-999,-999,-999,-999,-999,-999,2,Malayan Communists,1,0,3362,3362,13000,-999,0,1,0,0,0,0,1,0,3,3
4241949,1949,424,Malayan Rebellion,1948,1182,1182,1182,1,6,18,1957,8,31,-999,-999,-999,-999,-999,-999,2,Malayan Communists,1,0,3362,3362,13000,-999,0,1,0,0,0,0,1,0,3,3
4241950,1950,424,Malayan Rebellion,1948,1687,1687,1687,1,6,18,1957,8,31,-999,-999,-999,-999,-999,-999,2,Malayan Communists,1,0,3362,3362,13000,-999,0,1,0,0,0,0,1,0,3,3
4241951,1951,424,Malayan Rebellion,1948,2116,2116,2116,1,6,18,1957,8,31,-999,-999,-999,-999,-999,-999,2,Malayan Communists,1,0,3362,3362,13000,-999,0,1,0,0,0,0,1,0,3,3
4241952,1952,424,Malayan Rebellion,1948,1761,1761,1761,1,6,18,1957,8,31,-999,-999,-999,-999,-999,-999,2,Malayan Communists,1,0,3362,3362,13000,-999,0,1,0,0,0,0,1,0,3,3
4241953,1953,424,Malayan Rebellion,1948,1136,1136,1136,1,6,18,1957,8,31,-999,-999,-999,-999,-999,-999,2,Malayan Communists,1,0,3362,3362,13000,-999,0,1,0,0,0,0,1,0,3,3
4241954,1954,424,Malayan Rebellion,1948,907,907,907,1,6,18,1957,8,31,-999,-999,-999,-999,-999,-999,2,Malayan Communists,1,0,3362,3362,13000,-999,0,1,0,0,0,0,1,0,3,3
4241955,1955,424,Malayan Rebellion,1948,561,561,561,1,6,18,1957,8,31,-999,-999,-999,-999,-999,-999,2,Malayan Communists,1,0,3362,3362,13000,-999,0,1,0,0,0,0,1,0,3,3
4241956,1956,424,Malayan Rebellion,1948,384,384,384,1,6,18,1957,8,31,-999,-999,-999,-999,-999,-999,2,Malayan Communists,1,0,3362,3362,13000,-999,0,1,0,0,0,0,1,0,3,3
4241957,1957,424,Malayan Rebellion,1948,273,273,273,1,6,18,1957,8,31,-999,-999,-999,-999,-999,-999,2,Malayan Communists,1,0,3362,3362,13000,-999,0,1,0,0,0,0,1,0,3,3
4251948,1948,425,Indo-Hyderabad,1948,2360,2360,2360,1,9,13,1948,9,17,-999,-999,-999,-999,-999,-999,3,Hyderabad,1,0,5,5,1000,2000,0,0,0,0,0,0,1,0,1,3
4261950,1950,426,Sino-Tibetan of 1950,1950,1000,2500,2500,0,2,-999,1951,4,-999,-999,-999,-999,-999,-999,-999,3,Tibet,1,0,398,454,1000,-999,0,1,0,0,0,0,1,0,2,3
4261951,1951,426,Sino-Tibetan of 1950,1950,1000,2500,2500,0,2,-999,1951,4,-999,-999,-999,-999,-999,-999,-999,3,Tibet,1,0,398,454,1000,-999,0,1,0,0,0,0,1,0,2,3
4281952,1952,428,Franco-Tunisian of 1952,1952,238,1000,666,1,-999,-999,1954,-999,-999,-999,-999,-999,-999,-999,-999,2,Tunisia,2,0,367,1096,3000,-999,0,1,0,0,0,1,0,0,2,3
4281953,1953,428,Franco-Tunisian of 1952,1952,238,1000,667,1,-999,-999,1954,-999,-999,-999,-999,-999,-999,-999,-999,2,Tunisia,2,0,367,1096,3000,-999,0,1,0,0,0,1,0,0,2,3
4281954,1954,428,Franco-Tunisian of 1952,1952,239,1000,667,1,-999,-999,1954,-999,-999,-999,-999,-999,-999,-999,-999,2,Tunisia,2,0,367,1096,3000,-999,0,1,0,0,0,1,0,0,2,3
4291952,1952,429,British-Mau Mau,1952,999,999,999,1,10,20,1956,-999,-999,-999,-999,-999,-999,-999,-999,2,Kenya (Mau Mau),2,0,1169,1534,11000,-999,0,1,0,0,1,0,0,0,2,3
4291953,1953,429,British-Mau Mau,1952,2989,2989,2989,1,10,20,1956,-999,-999,-999,-999,-999,-999,-999,-999,2,Kenya (Mau Mau),2,0,1169,1534,11000,-999,0,1,0,0,1,0,0,0,2,3
4291954,1954,429,British-Mau Mau,1952,2989,2989,2989,1,10,20,1956,-999,-999,-999,-999,-999,-999,-999,-999,2,Kenya (Mau Mau),2,0,1169,1534,11000,-999,0,1,0,0,1,0,0,0,2,3
4291955,1955,429,British-Mau Mau,1952,2989,2989,2989,1,10,20,1956,-999,-999,-999,-999,-999,-999,-999,-999,2,Kenya (Mau Mau),2,0,1169,1534,11000,-999,0,1,0,0,1,0,0,0,2,3
4291956,1956,429,British-Mau Mau,1952,2989,2989,2989,1,10,20,1956,-999,-999,-999,-999,-999,-999,-999,-999,2,Kenya (Mau Mau),2,0,1169,1534,11000,-999,0,1,0,0,1,0,0,0,2,3
4301953,1953,430,Moroccan Independence,1953,100,100,100,1,-999,-999,1956,-999,-999,-999,-999,-999,-999,-999,-999,2,Morocco,2,1,732,1461,3000,-999,0,1,0,0,0,1,0,0,2,3
4301954,1954,430,Moroccan Independence,1953,300,300,300,1,-999,-999,1956,-999,-999,-999,-999,-999,-999,-999,-999,2,Morocco,2,1,732,1461,3000,-999,0,1,0,0,0,1,0,0,2,3
4301955,1955,430,Moroccan Independence,1953,1500,1500,1500,1,-999,-999,1956,-999,-999,-999,-999,-999,-999,-999,-999,2,Morocco,2,1,732,1461,3000,-999,0,1,0,0,0,1,0,0,2,3
4301956,1956,430,Moroccan Independence,1953,1100,1100,1100,1,-999,-999,1956,-999,-999,-999,-999,-999,-999,-999,-999,2,Morocco,2,1,732,1461,3000,-999,0,1,0,0,0,1,0,0,2,3
4321954,1954,432,Franco-Algerian of 1954,1954,900,900,900,1,11,1,1962,3,17,-999,-999,-999,-999,-999,-999,2,Algeria,2,0,2694,2694,18000,100000,0,1,0,0,0,1,0,0,0,3
4321955,1955,432,Franco-Algerian of 1954,1954,27195,27195,27195,1,11,1,1962,3,17,-999,-999,-999,-999,-999,-999,2,Algeria,2,0,2694,2694,18000,100000,0,1,0,0,0,1,0,0,0,3
4321956,1956,432,Franco-Algerian of 1954,1954,27195,27195,27195,1,11,1,1962,3,17,-999,-999,-999,-999,-999,-999,2,Algeria,2,0,2694,2694,18000,100000,0,1,0,0,0,1,0,0,0,3
4321957,1957,432,Franco-Algerian of 1954,1954,38695,38695,38695,1,11,1,1962,3,17,-999,-999,-999,-999,-999,-999,2,Algeria,2,0,2694,2694,18000,100000,0,1,0,0,0,1,0,0,0,3
4321958,1958,432,Franco-Algerian of 1954,1954,38695,38695,38695,1,11,1,1962,3,17,-999,-999,-999,-999,-999,-999,2,Algeria,2,0,2694,2694,18000,100000,0,1,0,0,0,1,0,0,0,3
4321959,1959,432,Franco-Algerian of 1954,1954,38695,38695,38695,1,11,1,1962,3,17,-999,-999,-999,-999,-999,-999,2,Algeria,2,0,2694,2694,18000,100000,0,1,0,0,0,1,0,0,0,3
4321960,1960,432,Franco-Algerian of 1954,1954,38695,38695,38695,1,11,1,1962,3,17,-999,-999,-999,-999,-999,-999,2,Algeria,2,0,2694,2694,18000,100000,0,1,0,0,0,1,0,0,0,3
4321961,1961,432,Franco-Algerian of 1954,1954,39876,39876,39876,1,11,1,1962,3,17,-999,-999,-999,-999,-999,-999,2,Algeria,2,0,2694,2694,18000,100000,0,1,0,0,0,1,0,0,0,3
4321962,1962,432,Franco-Algerian of 1954,1954,2080,2080,2080,1,11,1,1962,3,17,-999,-999,-999,-999,-999,-999,2,Algeria,2,0,2694,2694,18000,100000,0,1,0,0,0,1,0,0,0,3
4331955,1955,433,Cameroon,1955,16,5333,711,0,-999,-999,1960,-999,-999,-999,-999,-999,-999,-999,-999,2,Cameroon,2,1,1463,2192,32000,-999,0,1,0,0,1,0,0,0,2,3
4331956,1956,433,Cameroon,1955,16,5333,711,0,-999,-999,1960,-999,-999,-999,-999,-999,-999,-999,-999,2,Cameroon,2,1,1463,2192,32000,-999,0,1,0,0,1,0,0,0,2,3
4331957,1957,433,Cameroon,1955,17,5333,712,0,-999,-999,1960,-999,-999,-999,-999,-999,-999,-999,-999,2,Cameroon,2,1,1463,2192,32000,-999,0,1,0,0,1,0,0,0,2,3
4331958,1958,433,Cameroon,1955,17,5333,712,0,-999,-999,1960,-999,-999,-999,-999,-999,-999,-999,-999,2,Cameroon,2,1,1463,2192,32000,-999,0,1,0,0,1,0,0,0,2,3
4331959,1959,433,Cameroon,1955,17,5334,712,0,-999,-999,1960,-999,-999,-999,-999,-999,-999,-999,-999,2,Cameroon,2,1,1463,2192,32000,-999,0,1,0,0,1,0,0,0,2,3
4331960,1960,433,Cameroon,1955,17,5334,712,0,-999,-999,1960,-999,-999,-999,-999,-999,-999,-999,-999,2,Cameroon,2,1,1463,2192,32000,-999,0,1,0,0,1,0,0,0,2,3
4341961,1961,434,Angolan-Portugese,1961,3666,6000,5266,0,2,3,1975,11,11,-999,-999,-999,-999,-999,-999,2,Angola,2,0,5395,5395,8000,55000,0,0,0,0,1,0,0,0,2,3
4341962,1962,434,Angolan-Portugese,1961,3666,6000,5266,0,2,3,1975,11,11,-999,-999,-999,-999,-999,-999,2,Angola,2,0,5395,5395,8000,55000,0,0,0,0,1,0,0,0,2,3
4341963,1963,434,Angolan-Portugese,1961,3666,6000,5266,0,2,3,1975,11,11,-999,-999,-999,-999,-999,-999,2,Angola,2,0,5395,5395,8000,55000,0,0,0,0,1,0,0,0,2,3
4341964,1964,434,Angolan-Portugese,1961,3666,6000,5266,0,2,3,1975,11,11,-999,-999,-999,-999,-999,-999,2,Angola,2,0,5395,5395,8000,55000,0,0,0,0,1,0,0,0,2,3
4341965,1965,434,Angolan-Portugese,1961,3666,6000,5266,0,2,3,1975,11,11,-999,-999,-999,-999,-999,-999,2,Angola,2,0,5395,5395,8000,55000,0,0,0,0,1,0,0,0,2,3
4341966,1966,434,Angolan-Portugese,1961,3667,6000,5267,0,2,3,1975,11,11,-999,-999,-999,-999,-999,-999,2,Angola,2,0,5395,5395,8000,55000,0,0,0,0,1,0,0,0,2,3
4341967,1967,434,Angolan-Portugese,1961,3667,6000,5267,0,2,3,1975,11,11,-999,-999,-999,-999,-999,-999,2,Angola,2,0,5395,5395,8000,55000,0,0,0,0,1,0,0,0,2,3
4341968,1968,434,Angolan-Portugese,1961,3667,6000,5267,0,2,3,1975,11,11,-999,-999,-999,-999,-999,-999,2,Angola,2,0,5395,5395,8000,55000,0,0,0,0,1,0,0,0,2,3
4341969,1969,434,Angolan-Portugese,1961,3667,6000,5267,0,2,3,1975,11,11,-999,-999,-999,-999,-999,-999,2,Angola,2,0,5395,5395,8000,55000,0,0,0,0,1,0,0,0,2,3
4341970,1970,434,Angolan-Portugese,1961,3667,6000,5267,0,2,3,1975,11,11,-999,-999,-999,-999,-999,-999,2,Angola,2,0,5395,5395,8000,55000,0,0,0,0,1,0,0,0,2,3
4341971,1971,434,Angolan-Portugese,1961,3667,6000,5267,0,2,3,1975,11,11,-999,-999,-999,-999,-999,-999,2,Angola,2,0,5395,5395,8000,55000,0,0,0,0,1,0,0,0,2,3
4341972,1972,434,Angolan-Portugese,1961,3667,6000,5267,0,2,3,1975,11,11,-999,-999,-999,-999,-999,-999,2,Angola,2,0,5395,5395,8000,55000,0,0,0,0,1,0,0,0,2,3
4341973,1973,434,Angolan-Portugese,1961,3667,6000,5267,0,2,3,1975,11,11,-999,-999,-999,-999,-999,-999,2,Angola,2,0,5395,5395,8000,55000,0,0,0,0,1,0,0,0,2,3
4341974,1974,434,Angolan-Portugese,1961,3667,6000,5267,0,2,3,1975,11,11,-999,-999,-999,-999,-999,-999,2,Angola,2,0,5395,5395,8000,55000,0,0,0,0,1,0,0,0,2,3
4341975,1975,434,Angolan-Portugese,1961,3667,6000,5267,0,2,3,1975,11,11,-999,-999,-999,-999,-999,-999,2,Angola,2,0,5395,5395,8000,55000,0,0,0,0,1,0,0,0,2,3
4361962,1962,436,Guinean-Portugese,1962,550,768,550,0,12,-999,1974,12,-999,-999,-999,-999,-999,-999,-999,2,Guinea/Bissau,2,0,4354,4414,1500,15000,0,0,0,0,1,0,0,0,2,3
4361963,1963,436,Guinean-Portugese,1962,550,768,550,0,12,-999,1974,12,-999,-999,-999,-999,-999,-999,-999,2,Guinea/Bissau,2,0,4354,4414,1500,15000,0,0,0,0,1,0,0,0,2,3
4361964,1964,436,Guinean-Portugese,1962,550,768,550,0,12,-999,1974,12,-999,-999,-999,-999,-999,-999,-999,2,Guinea/Bissau,2,0,4354,4414,1500,15000,0,0,0,0,1,0,0,0,2,3
4361965,1965,436,Guinean-Portugese,1962,550,768,550,0,12,-999,1974,12,-999,-999,-999,-999,-999,-999,-999,2,Guinea/Bissau,2,0,4354,4414,1500,15000,0,0,0,0,1,0,0,0,2,3
4361966,1966,436,Guinean-Portugese,1962,550,768,550,0,12,-999,1974,12,-999,-999,-999,-999,-999,-999,-999,2,Guinea/Bissau,2,0,4354,4414,1500,15000,0,0,0,0,1,0,0,0,2,3
4361967,1967,436,Guinean-Portugese,1962,550,768,550,0,12,-999,1974,12,-999,-999,-999,-999,-999,-999,-999,2,Guinea/Bissau,2,0,4354,4414,1500,15000,0,0,0,0,1,0,0,0,2,3
4361968,1968,436,Guinean-Portugese,1962,550,768,550,0,12,-999,1974,12,-999,-999,-999,-999,-999,-999,-999,2,Guinea/Bissau,2,0,4354,4414,1500,15000,0,0,0,0,1,0,0,0,2,3
4361969,1969,436,Guinean-Portugese,1962,550,769,550,0,12,-999,1974,12,-999,-999,-999,-999,-999,-999,-999,2,Guinea/Bissau,2,0,4354,4414,1500,15000,0,0,0,0,1,0,0,0,2,3
4361970,1970,436,Guinean-Portugese,1962,551,769,551,0,12,-999,1974,12,-999,-999,-999,-999,-999,-999,-999,2,Guinea/Bissau,2,0,4354,4414,1500,15000,0,0,0,0,1,0,0,0,2,3
4361971,1971,436,Guinean-Portugese,1962,551,769,551,0,12,-999,1974,12,-999,-999,-999,-999,-999,-999,-999,2,Guinea/Bissau,2,0,4354,4414,1500,15000,0,0,0,0,1,0,0,0,2,3
4361972,1972,436,Guinean-Portugese,1962,551,769,551,0,12,-999,1974,12,-999,-999,-999,-999,-999,-999,-999,2,Guinea/Bissau,2,0,4354,4414,1500,15000,0,0,0,0,1,0,0,0,2,3
4361973,1973,436,Guinean-Portugese,1962,551,769,551,0,12,-999,1974,12,-999,-999,-999,-999,-999,-999,-999,2,Guinea/Bissau,2,0,4354,4414,1500,15000,0,0,0,0,1,0,0,0,2,3
4361974,1974,436,Guinean-Portugese,1962,551,769,551,0,12,-999,1974,12,-999,-999,-999,-999,-999,-999,-999,2,Guinea/Bissau,2,0,4354,4414,1500,15000,0,0,0,0,1,0,0,0,2,3
4371964,1964,437,Mozambique-Portugese,1964,2500,3625,3062,0,10,-999,1975,11,-999,-999,-999,-999,-999,-999,-999,2,Mozambique,2,0,4019,4078,5000,30000,0,0,0,0,1,0,0,0,2,3
4371965,1965,437,Mozambique-Portugese,1964,2500,3625,3062,0,10,-999,1975,11,-999,-999,-999,-999,-999,-999,-999,2,Mozambique,2,0,4019,4078,5000,30000,0,0,0,0,1,0,0,0,2,3
4371966,1966,437,Mozambique-Portugese,1964,2500,3625,3062,0,10,-999,1975,11,-999,-999,-999,-999,-999,-999,-999,2,Mozambique,2,0,4019,4078,5000,30000,0,0,0,0,1,0,0,0,2,3
4371967,1967,437,Mozambique-Portugese,1964,2500,3625,3062,0,10,-999,1975,11,-999,-999,-999,-999,-999,-999,-999,2,Mozambique,2,0,4019,4078,5000,30000,0,0,0,0,1,0,0,0,2,3
4371968,1968,437,Mozambique-Portugese,1964,2500,3625,3062,0,10,-999,1975,11,-999,-999,-999,-999,-999,-999,-999,2,Mozambique,2,0,4019,4078,5000,30000,0,0,0,0,1,0,0,0,2,3
4371969,1969,437,Mozambique-Portugese,1964,2500,3625,3062,0,10,-999,1975,11,-999,-999,-999,-999,-999,-999,-999,2,Mozambique,2,0,4019,4078,5000,30000,0,0,0,0,1,0,0,0,2,3
4371970,1970,437,Mozambique-Portugese,1964,2500,3625,3063,0,10,-999,1975,11,-999,-999,-999,-999,-999,-999,-999,2,Mozambique,2,0,4019,4078,5000,30000,0,0,0,0,1,0,0,0,2,3
4371971,1971,437,Mozambique-Portugese,1964,2500,3625,3063,0,10,-999,1975,11,-999,-999,-999,-999,-999,-999,-999,2,Mozambique,2,0,4019,4078,5000,30000,0,0,0,0,1,0,0,0,2,3
4371972,1972,437,Mozambique-Portugese,1964,2500,3625,3063,0,10,-999,1975,11,-999,-999,-999,-999,-999,-999,-999,2,Mozambique,2,0,4019,4078,5000,30000,0,0,0,0,1,0,0,0,2,3
4371973,1973,437,Mozambique-Portugese,1964,2500,3625,3063,0,10,-999,1975,11,-999,-999,-999,-999,-999,-999,-999,2,Mozambique,2,0,4019,4078,5000,30000,0,0,0,0,1,0,0,0,2,3
4371974,1974,437,Mozambique-Portugese,1964,2500,3625,3063,0,10,-999,1975,11,-999,-999,-999,-999,-999,-999,-999,2,Mozambique,2,0,4019,4078,5000,30000,0,0,0,0,1,0,0,0,2,3
4371975,1975,437,Mozambique-Portugese,1964,2500,3625,3063,0,10,-999,1975,11,-999,-999,-999,-999,-999,-999,-999,2,Mozambique,2,0,4019,4078,5000,30000,0,0,0,0,1,0,0,0,2,3
4391975,1975,439,East Timorese,1975,5333,19750,10666,0,12,7,1977,7,4,-999,-999,-999,-999,-999,-999,3,Fietilin,1,0,576,576,6000,16000,0,0,0,0,0,0,1,0,4,3
4391976,1976,439,East Timorese,1975,5333,19750,10667,0,12,7,1977,7,4,-999,-999,-999,-999,-999,-999,3,Fietilin,1,0,576,576,6000,16000,0,0,0,0,0,0,1,0,4,3
4391977,1977,439,East Timorese,1975,5334,19750,10667,0,12,7,1977,7,4,-999,-999,-999,-999,-999,-999,3,Fietilin,1,0,576,576,6000,16000,0,0,0,0,0,0,1,0,4,3
4401975,1975,440,Namibian,1975,216,216,216,1,10,17,1988,12,13,-999,-999,-999,-999,-999,-999,2,Namibia (SWAPO),2,0,4807,4807,1000,20000,0,0,0,0,1,0,0,0,2,3
4401976,1976,440,Namibian,1975,217,217,217,1,10,17,1988,12,13,-999,-999,-999,-999,-999,-999,2,Namibia (SWAPO),2,0,4807,4807,1000,20000,0,0,0,0,1,0,0,0,2,3
4401977,1977,440,Namibian,1975,217,217,217,1,10,17,1988,12,13,-999,-999,-999,-999,-999,-999,2,Namibia (SWAPO),2,0,4807,4807,1000,20000,0,0,0,0,1,0,0,0,2,3
4401978,1978,440,Namibian,1975,1450,1450,1450,1,10,17,1988,12,13,-999,-999,-999,-999,-999,-999,2,Namibia (SWAPO),2,0,4807,4807,1000,20000,0,0,0,0,1,0,0,0,2,3
4401979,1979,440,Namibian,1975,3000,3000,3000,1,10,17,1988,12,13,-999,-999,-999,-999,-999,-999,2,Namibia (SWAPO),2,0,4807,4807,1000,20000,0,0,0,0,1,0,0,0,2,3
4401980,1980,440,Namibian,1975,5000,5000,5000,1,10,17,1988,12,13,-999,-999,-999,-999,-999,-999,2,Namibia (SWAPO),2,0,4807,4807,1000,20000,0,0,0,0,1,0,0,0,2,3
4401981,1981,440,Namibian,1975,5000,5000,5000,1,10,17,1988,12,13,-999,-999,-999,-999,-999,-999,2,Namibia (SWAPO),2,0,4807,4807,1000,20000,0,0,0,0,1,0,0,0,2,3
4401982,1982,440,Namibian,1975,2500,2500,2500,1,10,17,1988,12,13,-999,-999,-999,-999,-999,-999,2,Namibia (SWAPO),2,0,4807,4807,1000,20000,0,0,0,0,1,0,0,0,2,3
4401983,1983,440,Namibian,1975,2500,2500,2500,1,10,17,1988,12,13,-999,-999,-999,-999,-999,-999,2,Namibia (SWAPO),2,0,4807,4807,1000,20000,0,0,0,0,1,0,0,0,2,3
4401984,1984,440,Namibian,1975,950,950,950,1,10,17,1988,12,13,-999,-999,-999,-999,-999,-999,2,Namibia (SWAPO),2,0,4807,4807,1000,20000,0,0,0,0,1,0,0,0,2,3
4401985,1985,440,Namibian,1975,950,950,950,1,10,17,1988,12,13,-999,-999,-999,-999,-999,-999,2,Namibia (SWAPO),2,0,4807,4807,1000,20000,0,0,0,0,1,0,0,0,2,3
4401986,1986,440,Namibian,1975,1000,1000,1000,1,10,17,1988,12,13,-999,-999,-999,-999,-999,-999,2,Namibia (SWAPO),2,0,4807,4807,1000,20000,0,0,0,0,1,0,0,0,2,3
4401987,1987,440,Namibian,1975,1000,1000,1000,1,10,17,1988,12,13,-999,-999,-999,-999,-999,-999,2,Namibia (SWAPO),2,0,4807,4807,1000,20000,0,0,0,0,1,0,0,0,2,3
4401988,1988,440,Namibian,1975,1000,1000,1000,1,10,17,1988,12,13,-999,-999,-999,-999,-999,-999,2,Namibia (SWAPO),2,0,4807,4807,1000,20000,0,0,0,0,1,0,0,0,2,3
4411975,1975,441,Western Saharan,1975,1444,1444,1444,0,12,11,1983,12,23,-999,-999,-999,-999,-999,-999,3,Polisario,2,1,2935,2935,12000,16000,0,0,0,0,0,1,0,0,1,3
4411976,1976,441,Western Saharan,1975,1444,1444,1444,0,12,11,1983,12,23,-999,-999,-999,-999,-999,-999,3,Polisario,2,1,2935,2935,12000,16000,0,0,0,0,0,1,0,0,1,3
4411977,1977,441,Western Saharan,1975,1444,1444,1444,0,12,11,1983,12,23,-999,-999,-999,-999,-999,-999,3,Polisario,2,1,2935,2935,12000,16000,0,0,0,0,0,1,0,0,1,3
4411978,1978,441,Western Saharan,1975,1444,1444,1444,0,12,11,1983,12,23,-999,-999,-999,-999,-999,-999,3,Polisario,2,1,2935,2935,12000,16000,0,0,0,0,0,1,0,0,1,3
4411979,1979,441,Western Saharan,1975,1444,1444,1444,0,12,11,1983,12,23,-999,-999,-999,-999,-999,-999,3,Polisario,2,1,2935,2935,12000,16000,0,0,0,0,0,1,0,0,1,3
4411980,1980,441,Western Saharan,1975,1445,1445,1445,0,12,11,1983,12,23,-999,-999,-999,-999,-999,-999,3,Polisario,2,1,2935,2935,12000,16000,0,0,0,0,0,1,0,0,1,3
4411981,1981,441,Western Saharan,1975,1445,1445,1445,0,12,11,1983,12,23,-999,-999,-999,-999,-999,-999,3,Polisario,2,1,2935,2935,12000,16000,0,0,0,0,0,1,0,0,1,3
4411982,1982,441,Western Saharan,1975,1445,1445,1445,0,12,11,1983,12,23,-999,-999,-999,-999,-999,-999,3,Polisario,2,1,2935,2935,12000,16000,0,0,0,0,0,1,0,0,1,3
4411983,1983,441,Western Saharan,1975,1445,1445,1445,0,12,11,1983,12,23,-999,-999,-999,-999,-999,-999,3,Polisario,2,1,2935,2935,12000,16000,0,0,0,0,0,1,0,0,1,3
