warno,statenum,stateabb,warname,pbdeadlow,pbdeadhigh,pbdeadbest,tbdeadlow,tbdeadhigh,tbdeadbest,yrbeg1,monbeg1,daybeg1,yrend1,monend1,dayend1,yrbeg2,monbeg2,daybeg2,yrend2,monend2,dayend2,duration,deaths,outcome,initiate,sysstat,prwarpop,prwararm,westhem,europe,africa,mideast,asia,oceania,version,censubsy,subsysea,majpowin,majpowea,edition
82,710,CHN,Boxer Rebellion,1500,2000,2000,2503,3003,3003,1900,6,17,1900,8,14,-999,-999,-999,-999,-999,-999,59,2000,2,0,2,425577,1000,0,0,0,0,1,0,3,1,1,1,0,1
82,364,USR,Boxer Rebellion,302,302,302,2503,3003,3003,1900,6,17,1900,8,14,-999,-999,-999,-999,-999,-999,59,302,1,1,3,135664,1142,0,0,0,0,1,0,3,1,1,1,0,1
82,740,JPN,Boxer Rebellion,622,622,622,2503,3003,3003,1900,6,17,1900,8,14,-999,-999,-999,-999,-999,-999,59,622,1,1,3,43847,184,0,0,0,0,1,0,3,1,1,1,0,1
82,200,UKG,Boxer Rebellion,34,34,34,2503,3003,3003,1900,6,17,1900,8,14,-999,-999,-999,-999,-999,-999,59,34,1,1,3,41154,487,0,0,0,0,1,0,3,1,1,1,0,1
82,2,USA,Boxer Rebellion,21,21,21,2503,3003,3003,1900,6,17,1900,8,14,-999,-999,-999,-999,-999,-999,59,21,1,1,3,76212,126,0,0,0,0,1,0,3,1,1,1,0,1
82,220,FRN,Boxer Rebellion,24,24,24,2503,3003,3003,1900,6,17,1900,8,14,-999,-999,-999,-999,-999,-999,59,24,1,1,3,38900,621,0,0,0,0,1,0,3,1,1,1,0,1
83,364,USR,Sino-Russian,242,242,242,4000,4000,4000,1900,8,17,1900,10,10,-999,-999,-999,-999,-999,-999,55,242,1,1,3,135664,1142,0,0,0,0,1,0,3,1,1,1,0,4
83,710,CHN,Sino-Russian,3758,3758,3758,4000,4000,4000,1900,8,17,1900,10,10,-999,-999,-999,-999,-999,-999,55,3758,2,0,2,425577,1000,0,0,0,0,1,0,3,1,1,1,0,4
85,364,USR,Russo-Japanese,52623,52623,52623,111199,111199,111199,1904,2,8,1905,9,15,-999,-999,-999,-999,-999,-999,586,71453,2,0,3,144775,1160,0,0,0,0,1,0,3,1,1,1,1,0
85,740,JPN,Russo-Japanese,58576,58576,58576,111199,111199,111199,1904,2,8,1905,9,15,-999,-999,-999,-999,-999,-999,586,80378,1,1,3,46135,218,0,0,0,0,1,0,3,1,1,1,1,0
88,91,HON,Third Central American,300,600,450,1000,2000,1500,1906,5,27,1906,7,20,-999,-999,-999,-999,-999,-999,55,300,2,0,1,504,1,1,0,0,0,0,0,3,0,0,0,0,0
88,92,SAL,Third Central American,300,600,450,1000,2000,1500,1906,5,27,1906,7,20,-999,-999,-999,-999,-999,-999,55,300,2,0,1,910,3,1,0,0,0,0,0,3,0,0,0,0,0
88,90,GUA,Third Central American,400,800,600,1000,2000,1500,1906,5,27,1906,7,20,-999,-999,-999,-999,-999,-999,55,400,1,1,1,1030,7,1,0,0,0,0,0,3,0,0,0,0,0
91,92,SAL,Fourth Central American,300,300,300,1000,1000,1000,1907,2,19,1907,4,23,-999,-999,-999,-999,-999,-999,64,300,2,0,1,930,3,1,0,0,0,0,0,3,0,0,0,0,0
91,93,NIC,Fourth Central American,400,400,400,1000,1000,1000,1907,2,19,1907,4,23,-999,-999,-999,-999,-999,-999,64,400,1,1,1,515,4,1,0,0,0,0,0,3,0,0,0,0,0
91,91,HON,Fourth Central American,300,300,300,1000,1000,1000,1907,2,19,1907,4,23,-999,-999,-999,-999,-999,-999,64,300,2,0,1,515,1,1,0,0,0,0,0,3,0,0,0,0,0
94,230,SPN,Spanish-Moroccan,1000,1000,1000,5000,5000,5000,1909,7,7,1910,3,23,-999,-999,-999,-999,-999,-999,260,2000,1,1,2,19744,111,0,0,0,1,0,0,3,1,0,0,0,0
94,600,MOR,Spanish-Moroccan,4000,4000,4000,5000,5000,5000,1909,7,7,1910,3,23,-999,-999,-999,-999,-999,-999,260,8000,2,0,1,4843,6,0,0,0,1,0,0,3,1,0,0,0,0
97,325,ITA,Italo-Turkish,1800,4000,2850,6000,13000,9500,1911,9,29,1912,10,18,-999,-999,-999,-999,-999,-999,386,6000,1,1,3,34670,291,0,0,0,1,0,0,3,1,1,1,0,0
97,640,TUR,Italo-Turkish,4200,9000,6650,6000,13000,9500,1911,9,29,1912,10,18,-999,-999,-999,-999,-999,-999,386,14000,2,0,2,21914,336,0,0,0,1,0,0,3,1,1,1,0,0
100,345,YUG,First Balkan,10800,12172,10800,63000,71000,63000,1912,10,17,1912,12,3,1913,2,3,1913,4,19,124,15000,1,1,2,2985,31,0,1,0,1,0,0,3,1,1,0,0,0
100,640,TUR,First Balkan,30000,33810,30000,63000,71000,63000,1912,10,17,1913,4,19,-999,-999,-999,-999,-999,-999,185,30000,2,0,2,20970,241,0,1,0,1,0,0,3,1,1,0,0,0
100,355,BUL,First Balkan,19200,21638,19200,63000,71000,63000,1912,10,17,1912,12,3,1913,2,3,1913,4,19,124,32000,1,0,2,4432,58,0,1,0,0,0,0,3,1,1,0,0,0
100,350,GRC,First Balkan,3000,3380,3000,63000,71000,63000,1912,10,17,1913,4,19,-999,-999,-999,-999,-999,-999,185,5000,1,0,2,3127,29,0,1,0,1,0,0,3,1,1,0,0,0
103,345,YUG,Second Balkan,8165,21711,8165,26700,71000,26700,1913,6,30,1913,7,30,-999,-999,-999,-999,-999,-999,31,18500,1,0,2,2988,32,0,1,0,0,0,0,3,1,1,0,0,0
103,350,GRC,Second Balkan,1103,2934,1103,26700,71000,26700,1913,6,30,1913,7,30,-999,-999,-999,-999,-999,-999,31,2500,1,0,2,3946,200,0,1,0,0,0,0,3,1,1,0,0,0
103,355,BUL,Second Balkan,7944,21124,7944,26700,71000,26700,1913,6,30,1913,7,30,-999,-999,-999,-999,-999,-999,31,18000,2,1,2,4497,592,0,1,0,0,0,0,3,1,1,0,0,0
103,360,RUM,Second Balkan,662,1760,662,26700,71000,26700,1913,7,11,1913,7,30,-999,-999,-999,-999,-999,-999,20,1500,1,0,2,7352,109,0,1,0,0,0,0,3,1,1,0,0,0
103,640,TUR,Second Balkan,8826,23471,8826,26700,71000,26700,1913,7,15,1913,7,30,-999,-999,-999,-999,-999,-999,16,20000,1,0,2,21274,241,0,1,0,0,0,0,3,1,1,0,0,0
106,350,GRC,World War I,5000,5000,5000,8752635,8752635,8752635,1917,6,29,1918,11,11,-999,-999,-999,-999,-999,-999,501,5000,1,0,2,4686,42,0,1,0,0,0,0,3,1,1,1,1,0
106,740,JPN,World War I,415,415,415,8752635,8752635,8752635,1914,8,23,1918,11,11,-999,-999,-999,-999,-999,-999,1542,300,1,0,3,52039,300,0,0,0,0,1,0,3,1,1,1,1,0
106,640,TUR,World War I,443598,443598,443598,8752635,8752635,8752635,1914,10,28,1918,11,11,-999,-999,-999,-999,-999,-999,1476,325000,2,0,2,18510,249,0,0,0,1,0,0,3,1,1,1,1,0
106,364,USR,World War I,2200000,2200000,2200000,8752635,8752635,8752635,1914,8,1,1917,12,5,-999,-999,-999,-999,-999,-999,1223,1700000,1,0,3,169843,1321,0,1,0,1,0,0,3,1,1,1,1,0
106,355,BUL,World War I,138344,138344,138344,8752635,8752635,8752635,1915,10,12,1918,9,29,-999,-999,-999,-999,-999,-999,1084,87500,2,0,2,4589,49,0,1,0,0,0,0,3,1,1,1,1,0
106,345,YUG,World War I,98000,98000,98000,8752635,8752635,8752635,1914,7,29,1918,11,11,-999,-999,-999,-999,-999,-999,1567,70000,1,0,2,4548,41,0,1,0,0,0,0,3,1,1,1,1,0
106,325,ITA,World War I,320000,320000,320000,8752635,8752635,8752635,1915,5,23,1918,11,11,-999,-999,-999,-999,-999,-999,1269,650000,1,0,3,35902,3159,0,1,0,0,0,0,3,1,1,1,1,0
106,255,GMY,World War I,1963700,1963700,1963700,8752635,8752635,8752635,1914,8,1,1918,11,11,-999,-999,-999,-999,-999,-999,1564,1773700,2,0,3,66109,862,0,1,1,1,1,0,3,1,1,1,1,0
106,235,POR,World War I,8956,8956,8956,8752635,8752635,8752635,1916,3,1,1918,11,11,-999,-999,-999,-999,-999,-999,986,7222,1,0,2,6021,125,0,1,0,0,0,0,3,1,1,1,1,0
106,220,FRN,World War I,1305735,1305735,1305735,8752635,8752635,8752635,1914,8,3,1918,11,11,-999,-999,-999,-999,-999,-999,1562,1385000,1,0,3,39581,789,0,1,1,1,0,0,3,1,1,1,1,0
106,211,BEL,World War I,20465,20465,20465,8752635,8752635,8752635,1914,8,4,1918,11,11,-999,-999,-999,-999,-999,-999,1561,13716,1,0,2,7546,115,0,1,0,0,0,0,3,1,1,1,1,0
106,200,UKG,World War I,939004,939004,939004,8752635,8752635,8752635,1914,8,5,1918,11,11,-999,-999,-999,-999,-999,-999,1560,908371,1,0,3,45801,532,0,1,1,1,1,0,3,1,1,1,1,0
106,2,USA,World War I,50585,50585,50585,8752635,8752635,8752635,1917,4,17,1918,11,11,-999,-999,-999,-999,-999,-999,574,116516,1,0,3,102268,644,0,1,0,0,0,0,3,1,1,1,1,0
106,300,AUH,World War I,1022500,1022500,1022500,8752635,8752635,8752635,1914,7,29,1918,11,3,-999,-999,-999,-999,-999,-999,1559,1200000,2,1,3,52580,839,0,1,0,0,0,0,3,1,1,1,1,0
106,360,RUM,World War I,236333,236333,236333,8752635,8752635,8752635,1916,8,27,1917,12,9,-999,-999,-999,-999,-999,-999,470,335706,1,0,2,8845,211,0,1,0,0,0,0,3,1,1,1,1,0
109,364,USR,Russo-Polish,23000,23000,23000,40278,40278,40278,1919,2,14,1920,10,18,-999,-999,-999,-999,-999,-999,613,60000,2,1,2,124007,1550,0,1,0,0,0,0,3,1,1,0,0,1
109,290,POL,Russo-Polish,17278,17278,17278,40278,40278,40278,1919,2,14,1920,10,18,-999,-999,-999,-999,-999,-999,613,40000,1,0,2,25834,300,0,1,0,0,0,0,3,1,1,0,0,1
112,360,RUM,Hungarian-Allies,1800,1800,1800,6670,6670,6670,1919,4,16,1919,8,4,-999,-999,-999,-999,-999,-999,111,3000,1,1,2,9722,292,0,1,0,0,0,0,3,1,1,0,0,0
112,310,HUN,Hungarian-Allies,3670,3670,3670,6670,6670,6670,1919,4,16,1919,8,4,-999,-999,-999,-999,-999,-999,111,6000,2,0,2,7874,27,0,1,0,0,0,0,3,1,1,0,0,0
112,315,CZE,Hungarian-Allies,1200,1200,1200,6670,6670,6670,1919,4,16,1919,8,4,-999,-999,-999,-999,-999,-999,111,2000,1,1,2,13398,150,0,1,0,0,0,0,3,1,1,0,0,0
115,350,GRC,Greco-Turkish,19362,19362,19362,32362,32362,32362,1919,5,5,1922,10,11,-999,-999,-999,-999,-999,-999,1256,30000,2,1,2,5176,58,0,1,0,1,0,0,3,1,1,0,0,0
115,640,TUR,Greco-Turkish,13000,13000,13000,32362,32362,32362,1919,5,5,1922,10,11,-999,-999,-999,-999,-999,-999,1256,20000,1,0,2,12847,129,0,1,0,1,0,0,3,1,1,0,0,0
116,220,FRN,Franco-Turkish,125,5000,125,1000,40000,1000,1919,11,1,1921,10,20,-999,-999,-999,-999,-999,-999,720,5000,3,1,3,38700,2364,0,0,0,1,0,0,3,1,1,1,0,3
116,640,TUR,Franco-Turkish,875,35000,875,1000,40000,1000,1919,11,1,1921,10,20,-999,-999,-999,-999,-999,-999,720,35000,4,0,2,12847,129,0,0,0,1,0,0,3,1,1,1,0,3
117,290,POL,Lithuanian-Polish,500,500,500,1000,1000,1000,1920,7,15,1920,12,1,-999,-999,-999,-999,-999,-999,140,500,1,1,1,25834,300,0,1,0,0,0,0,3,1,1,0,0,3
117,368,LIT,Lithuanian-Polish,500,500,500,1000,1000,1000,1920,7,15,1920,12,1,-999,-999,-999,-999,-999,-999,140,500,2,0,1,2059,50,0,1,0,0,0,0,3,1,1,0,0,3
118,710,CHN,Sino-Soviet,1035,3000,3200,2017,1178,2189,1929,8,17,1929,12,3,-999,-999,-999,-999,-999,-999,109,3000,2,0,1,478830,1700,0,0,0,0,1,0,3,0,0,1,0,1
118,364,USR,Sino-Soviet,143,200,3200,172,1178,2189,1929,8,17,1929,12,3,-999,-999,-999,-999,-999,-999,109,200,1,1,4,153687,562,0,0,0,0,1,0,3,0,0,1,0,1
121,710,CHN,Manchurian,16667,50000,33333,20000,60000,40000,1931,12,19,1933,5,6,-999,-999,-999,-999,-999,-999,505,50000,2,0,1,487039,1700,0,0,0,0,1,0,3,0,0,1,0,0
121,740,JPN,Manchurian,3333,10000,6667,20000,60000,40000,1931,12,19,1933,5,6,-999,-999,-999,-999,-999,-999,505,10000,1,1,4,65457,292,0,0,0,0,1,0,3,0,0,1,0,0
124,145,BOL,Chaco,25000,25000,25000,37000,37000,37000,1932,6,15,1935,6,12,-999,-999,-999,-999,-999,-999,1093,56661,2,0,1,2503,7,1,0,0,0,0,0,3,0,0,0,0,0
124,150,PAR,Chaco,12000,12000,12000,37000,37000,37000,1932,6,15,1935,6,12,-999,-999,-999,-999,-999,-999,1093,36000,1,1,1,918,3,1,0,0,0,0,0,3,0,0,0,0,0
125,670,SAU,Saudi-Yemeni,100,100,100,2100,2100,2100,1934,3,20,1934,5,13,-999,-999,-999,-999,-999,-999,55,100,1,1,1,2924,4,0,0,0,1,0,0,3,0,0,0,0,4
125,678,YAR,Saudi-Yemeni,2000,2000,2000,2100,2100,2100,1934,3,20,1934,5,13,-999,-999,-999,-999,-999,-999,55,2000,2,0,1,2569,18,0,0,0,1,0,0,3,0,0,0,0,4
127,530,ETH,Italo-Ethiopian,16000,75000,16000,20359,79359,20359,1935,10,3,1936,5,9,-999,-999,-999,-999,-999,-999,220,16000,2,0,1,12189,100,0,0,1,0,0,0,3,0,0,1,0,0
127,325,ITA,Italo-Ethiopian,4359,4359,4359,20359,79359,20359,1935,10,3,1936,5,9,-999,-999,-999,-999,-999,-999,220,4000,1,1,4,42808,1380,0,0,1,0,0,0,3,0,0,1,0,0
130,740,JPN,Sino-Japanese,319647,319647,319647,1860710,1860710,1860710,1937,7,7,1941,12,7,-999,-999,-999,-999,-999,-999,1615,250000,1,1,4,70630,393,0,0,0,0,1,0,3,0,0,1,0,0
130,710,CHN,Sino-Japanese,1541063,1541063,1541063,1860710,1860710,1860710,1937,7,7,1941,12,7,-999,-999,-999,-999,-999,-999,1615,750000,2,0,1,512523,2000,0,0,0,0,1,0,3,0,0,1,0,0
133,364,USR,Changkufeng,717,1200,717,1243,1726,1243,1938,7,29,1938,8,11,-999,-999,-999,-999,-999,-999,14,1200,2,1,4,180602,1566,0,0,0,0,1,0,3,0,0,1,1,1
133,740,JPN,Changkufeng,526,526,526,1243,1726,1243,1938,7,29,1938,8,11,-999,-999,-999,-999,-999,-999,14,526,1,0,4,71013,370,0,0,0,0,1,0,3,0,0,1,1,1
136,364,USR,Nomonhan,6831,6831,6831,18271,18271,18271,1939,5,11,1939,9,16,-999,-999,-999,-999,-999,-999,129,5000,1,0,4,170466,1789,0,0,0,0,1,0,3,0,0,1,1,0
136,712,MON,Nomonhan,3000,3000,3000,18271,18271,18271,1939,5,11,1939,9,16,-999,-999,-999,-999,-999,-999,129,3000,1,0,1,657,2,0,0,0,0,1,0,3,0,0,1,1,0
136,740,JPN,Nomonhan,8440,8440,8440,18271,18271,18271,1939,5,11,1939,9,16,-999,-999,-999,-999,-999,-999,129,20000,2,1,4,71380,957,0,0,0,0,1,0,3,0,0,1,1,0
139,920,NEW,World War II,10033,10033,10033,24494079,24494079,24494079,1939,9,3,1945,8,14,-999,-999,-999,-999,-999,-999,2173,12200,1,0,1,1627,1,0,0,1,1,1,1,3,0,0,1,1,0
139,355,BUL,World War II,4585,4585,4585,24494079,24494079,24494079,1941,12,13,1944,9,8,-999,-999,-999,-999,-999,-999,1001,9000,2,0,1,6674,-999,0,1,0,0,0,0,3,0,0,1,1,0
139,360,RUM,World War II,109941,109941,109941,24494079,24494079,24494079,1944,9,9,1945,5,7,-999,-999,-999,-999,-999,-999,241,10000,1,0,1,16642,975,0,1,0,0,0,0,3,0,0,1,1,0
139,375,FIN,World War II,79547,79547,79547,24494079,24494079,24494079,1941,6,25,1944,9,19,-999,-999,-999,-999,-999,-999,1183,65000,2,0,1,3838,-999,0,1,0,0,0,0,3,0,0,1,1,0
139,385,NOR,World War II,3348,3348,3348,24494079,24494079,24494079,1940,4,9,1940,6,9,-999,-999,-999,-999,-999,-999,62,3000,1,0,1,3014,4,0,1,0,0,0,0,3,0,0,1,1,0
139,530,ETH,World War II,5000,5000,5000,24494079,24494079,24494079,1941,1,24,1941,7,3,-999,-999,-999,-999,-999,-999,161,5000,1,0,1,13437,-999,0,0,1,0,0,0,3,0,0,1,1,0
139,560,SAF,World War II,6840,6840,6840,24494079,24494079,24494079,1939,9,6,1945,8,14,-999,-999,-999,-999,-999,-999,2170,8700,1,0,1,10170,5,0,0,1,0,0,0,3,0,0,1,1,0
139,710,CHN,World War II,750000,750000,750000,24494079,24494079,24494079,1941,12,7,1945,8,14,-999,-999,-999,-999,-999,-999,1347,1350000,1,0,1,530248,2584,0,0,0,0,1,0,3,0,0,1,1,0
139,712,MON,World War II,3000,3000,3000,24494079,24494079,24494079,1945,8,10,1945,8,14,-999,-999,-999,-999,-999,-999,5,3000,1,0,1,710,80,0,0,0,0,1,0,3,0,0,1,1,0
139,355,BUL,World War II,4586,4586,4586,24494079,24494079,24494079,1944,9,9,1945,5,7,-999,-999,-999,-999,-999,-999,241,1000,1,0,1,6886,450,0,1,0,0,0,0,3,0,0,1,1,0
139,900,AUL,World War II,23365,23365,23365,24494079,24494079,24494079,1939,9,3,1945,8,14,-999,-999,-999,-999,-999,-999,2173,33826,1,0,1,6968,8,0,0,1,1,1,1,3,0,0,1,1,0
139,360,RUM,World War II,109941,109941,109941,24494079,24494079,24494079,1941,6,22,1944,8,23,-999,-999,-999,-999,-999,-999,1159,290000,2,0,1,17948,-999,0,1,0,0,0,0,3,0,0,1,1,0
139,740,JPN,World War II,1967435,1967435,1967435,24494079,24494079,24494079,1941,12,7,1945,8,14,-999,-999,-999,-999,-999,-999,1347,1740000,2,0,4,72218,3075,0,0,0,0,1,1,3,0,0,1,1,0
139,255,GMY,World War II,3600000,3600000,3600000,24494079,24494079,24494079,1939,9,1,1945,5,7,-999,-999,-999,-999,-999,-999,2076,3500000,2,1,4,79375,2750,0,1,1,1,0,0,3,0,0,1,1,0
139,140,BRA,World War II,943,943,943,24494079,24494079,24494079,1944,7,6,1945,5,7,-999,-999,-999,-999,-999,-999,306,1000,1,0,1,45141,-999,0,1,0,0,0,0,3,0,0,1,1,0
139,350,GRC,World War II,163350,163350,163350,24494079,24494079,24494079,1940,10,25,1941,4,23,-999,-999,-999,-999,-999,-999,181,18300,1,0,1,7189,105,0,1,0,0,0,0,3,0,0,1,1,0
139,200,UKG,World War II,361130,361130,361130,24494079,24494079,24494079,1939,9,3,1945,8,14,-999,-999,-999,-999,-999,-999,2173,418765,1,0,4,47834,394,0,1,1,1,1,0,3,0,0,1,1,0
139,210,NTH,World War II,56344,56344,56344,24494079,24494079,24494079,1940,5,10,1940,5,14,-999,-999,-999,-999,-999,-999,5,7900,1,0,1,8943,64,0,1,0,0,0,0,3,0,0,1,1,0
139,211,BEL,World War II,27460,27460,27460,24494079,24494079,24494079,1940,5,10,1940,5,28,-999,-999,-999,-999,-999,-999,19,9600,1,0,1,8355,82,0,1,0,0,0,0,3,0,0,1,1,0
139,364,USR,World War II,13329600,13329600,13329600,24494079,24494079,24494079,1941,6,22,1945,5,7,1945,8,8,1945,8,14,1423,7500000,1,0,4,170051,4207,0,1,0,0,1,0,3,0,0,1,1,0
139,220,FRN,World War II,160599,160599,160599,24494079,24494079,24494079,1940,7,7,1941,7,14,-999,-999,-999,-999,-999,-999,373,2500,2,0,1,41726,5000,0,1,0,0,0,0,3,0,0,1,1,0
139,290,POL,World War II,1820000,1820000,1820000,24494079,24494079,24494079,1939,9,1,1939,9,27,-999,-999,-999,-999,-999,-999,27,320000,1,0,1,30171,275,0,1,0,0,0,0,3,0,0,1,1,0
139,310,HUN,World War II,219935,219935,219935,24494079,24494079,24494079,1941,6,27,1945,1,20,-999,-999,-999,-999,-999,-999,1304,136000,2,0,1,9114,-999,0,1,0,0,0,0,3,0,0,1,1,0
139,325,ITA,World War II,74511,74511,74511,24494079,24494079,24494079,1940,6,10,1943,9,2,-999,-999,-999,-999,-999,-999,1180,174500,2,0,4,44047,1634,0,1,0,0,0,0,3,0,0,1,1,0
139,20,CAN,World War II,37476,37476,37476,24494079,24494079,24494079,1939,9,10,1945,8,14,-999,-999,-999,-999,-999,-999,2166,41992,1,0,1,11565,6,0,1,0,0,0,0,3,0,0,1,1,0
139,325,ITA,World War II,74512,74512,74512,24494079,24494079,24494079,1943,10,18,1945,5,7,-999,-999,-999,-999,-999,-999,568,52400,1,0,1,44643,1702,0,1,1,1,0,0,3,0,0,1,1,0
139,2,USA,World War II,288131,288131,288131,24494079,24494079,24494079,1941,12,7,1945,8,14,-999,-999,-999,-999,-999,-999,1347,405400,1,0,4,133894,1801,0,1,1,1,1,1,3,0,0,1,1,0
139,345,YUG,World War II,567000,567000,567000,24494079,24494079,24494079,1941,4,6,1941,4,17,-999,-999,-999,-999,-999,-999,12,305000,1,0,1,15437,150,0,1,0,0,0,0,3,0,0,1,1,0
139,220,FRN,World War II,160599,160599,160599,24494079,24494079,24494079,1939,9,3,1940,6,22,1944,10,23,1945,8,14,590,210824,1,0,4,41814,581,0,1,0,0,0,0,3,0,0,1,1,0
142,364,USR,Russo-Finnish,50000,71124,71124,73157,94281,94281,1939,11,30,1940,3,12,-999,-999,-999,-999,-999,-999,104,50000,1,1,4,170466,1789,0,1,0,0,0,0,3,0,0,1,0,0
142,375,FIN,Russo-Finnish,23157,23157,23157,73157,94281,94281,1939,11,30,1940,3,12,-999,-999,-999,-999,-999,-999,104,24900,2,0,1,3862,37,0,1,0,0,0,0,3,0,0,1,0,0
145,220,FRN,Franco-Thai,65,700,65,130,1400,765,1940,12,1,1941,1,22,-999,-999,-999,-999,-999,-999,53,700,2,0,1,41726,5000,0,0,0,0,1,0,3,0,0,1,0,1
145,800,THI,Franco-Thai,65,700,700,130,1400,765,1940,12,1,1941,1,22,-999,-999,-999,-999,-999,-999,53,700,1,1,1,15296,-999,0,0,0,0,1,0,3,0,0,1,0,1
147,770,PAK,First Kashmir,1000,6000,6000,2000,7500,7500,1948,7,17,1949,1,1,-999,-999,-999,-999,-999,-999,169,1000,4,0,1,73600,265,0,0,0,0,1,0,3,0,0,0,0,4
147,750,IND,First Kashmir,1000,1500,1500,2000,7500,7500,1948,7,17,1949,1,1,-999,-999,-999,-999,-999,-999,169,1000,3,1,1,349430,321,0,0,0,0,1,0,3,0,0,0,0,4
148,645,IRQ,Palestine,500,500,500,21111,21111,21111,1948,5,15,1948,7,18,1948,10,22,1948,10,31,75,500,2,1,1,4965,31,0,0,0,1,0,0,3,0,0,0,0,0
148,651,EGY,Palestine,1500,1500,1500,21111,21111,21111,1948,5,15,1948,7,18,1948,10,22,1949,1,7,143,2000,2,1,1,19494,64,0,0,0,1,0,0,3,0,0,0,0,0
148,652,SYR,Palestine,1000,1000,1000,21111,21111,21111,1948,5,15,1948,7,18,1948,10,22,1948,10,31,75,1000,2,1,1,3268,8,0,0,0,1,0,0,3,0,0,0,0,0
148,660,LEB,Palestine,500,500,500,21111,21111,21111,1948,5,15,1948,7,18,1948,10,22,1948,10,31,75,500,2,1,1,1391,3,0,0,0,1,0,0,3,0,0,0,0,0
148,663,JOR,Palestine,1000,1000,1000,21111,21111,21111,1948,5,15,1948,7,18,1948,10,22,1948,10,31,75,1000,2,1,1,1163,8,0,0,0,1,0,0,3,0,0,0,0,0
148,666,ISR,Palestine,6074,6074,6074,21111,21111,21111,1948,5,15,1948,7,18,1948,10,22,1949,1,7,143,3000,1,0,1,717,85,0,0,0,1,0,0,3,0,0,0,0,0
151,710,CHN,Korean,401000,401000,401000,1004811,1500000,1254811,1950,10,27,1953,7,27,-999,-999,-999,-999,-999,-999,1005,422612,4,0,4,571889,4000,0,0,0,0,1,0,3,0,0,1,1,0
151,731,PRK,Korean,215000,710189,465000,1004811,1500000,1254811,1950,6,24,1953,7,27,-999,-999,-999,-999,-999,-999,1130,316579,4,1,1,9470,120,0,0,0,0,1,0,3,0,0,1,1,0
151,732,ROK,Korean,357248,357248,357248,1004811,1500000,1254811,1950,6,24,1953,7,27,-999,-999,-999,-999,-999,-999,1130,113248,3,0,1,20356,109,0,0,0,0,1,0,3,0,0,1,1,0
151,800,THI,Korean,136,136,136,1004811,1500000,1254811,1951,1,20,1953,7,27,-999,-999,-999,-999,-999,-999,920,114,3,0,1,20224,44,0,0,0,0,1,0,3,0,0,1,1,0
151,840,PHI,Korean,128,128,128,1004811,1500000,1254811,1950,9,16,1953,7,27,-999,-999,-999,-999,-999,-999,1046,92,3,0,1,20275,29,0,0,0,0,1,0,3,0,0,1,1,0
151,640,TUR,Korean,889,889,889,1004811,1500000,1254811,1950,10,18,1953,7,27,-999,-999,-999,-999,-999,-999,1014,717,3,0,1,20770,684,0,0,0,0,1,0,3,0,0,1,1,0
151,900,AUL,Korean,272,272,272,1004811,1500000,1254811,1950,12,10,1953,7,27,-999,-999,-999,-999,-999,-999,961,281,3,0,1,8179,38,0,0,0,0,1,0,3,0,0,1,1,0
151,350,GRC,Korean,194,194,194,1004811,1500000,1254811,1951,1,20,1953,7,27,-999,-999,-999,-999,-999,-999,920,169,3,0,1,7646,160,0,0,0,0,1,0,3,0,0,1,1,0
151,220,FRN,Korean,271,271,271,1004811,1500000,1254811,1951,1,1,1953,7,27,-999,-999,-999,-999,-999,-999,939,288,3,0,4,43020,620,0,0,0,0,1,0,3,0,0,1,1,0
151,211,BEL,Korean,104,104,104,1004811,1500000,1254811,1951,1,20,1953,7,27,-999,-999,-999,-999,-999,-999,920,97,3,0,1,8678,77,0,0,0,0,1,0,3,0,0,1,1,0
151,210,NTH,Korean,120,120,120,1004811,1500000,1254811,1951,1,20,1953,7,27,-999,-999,-999,-999,-999,-999,920,111,3,0,1,10264,218,0,0,0,0,1,0,3,0,0,1,1,0
151,200,UKG,Korean,1078,1078,1078,1004811,1500000,1254811,1950,8,29,1953,7,27,-999,-999,-999,-999,-999,-999,1064,710,3,0,4,50772,689,0,0,0,0,1,0,3,0,0,1,1,0
151,100,COL,Korean,210,210,210,1004811,1500000,1254811,1951,6,6,1953,7,27,-999,-999,-999,-999,-999,-999,783,140,3,0,1,11615,17,0,0,0,0,1,0,3,0,0,1,1,0
151,20,CAN,Korean,309,309,309,1004811,1500000,1254811,1950,12,19,1953,7,27,-999,-999,-999,-999,-999,-999,952,309,3,0,1,13737,45,0,0,0,0,1,0,3,0,0,1,1,0
151,2,USA,Korean,27304,27304,27304,1004811,1500000,1254811,1950,6,27,1953,7,27,-999,-999,-999,-999,-999,-999,1127,54246,3,0,4,151325,1386,0,0,0,0,1,0,3,0,0,1,1,0
151,530,ETH,Korean,122,122,122,1004811,1500000,1254811,1951,5,1,1953,7,27,-999,-999,-999,-999,-999,-999,819,120,3,0,1,15808,20,0,0,0,0,1,0,3,0,0,1,1,0
154,364,USR,Russo-Hungarian,669,669,669,3171,3171,3171,1956,10,23,1956,11,14,-999,-999,-999,-999,-999,-999,23,1500,1,1,4,200200,5100,0,1,0,0,0,0,3,0,0,1,0,0
154,310,HUN,Russo-Hungarian,2502,2502,2502,3171,3171,3171,1956,10,23,1956,11,14,-999,-999,-999,-999,-999,-999,23,2502,2,0,1,9911,215,0,1,0,0,0,0,3,0,0,1,0,0
157,200,UKG,Sinai,22,22,22,2142,2142,2142,1956,10,31,1956,11,6,-999,-999,-999,-999,-999,-999,7,22,1,0,4,51562,761,0,0,0,1,0,0,3,0,0,1,0,0
157,666,ISR,Sinai,189,189,189,2142,2142,2142,1956,10,29,1956,11,6,-999,-999,-999,-999,-999,-999,9,189,1,1,1,1827,75,0,0,0,1,0,0,3,0,0,1,0,0
157,220,FRN,Sinai,10,10,10,2142,2142,2142,1956,10,31,1956,11,6,-999,-999,-999,-999,-999,-999,7,10,1,0,4,44646,856,0,0,0,1,0,0,3,0,0,1,0,0
157,651,EGY,Sinai,1921,1921,1921,2142,2142,2142,1956,10,29,1956,11,6,-999,-999,-999,-999,-999,-999,9,3000,2,0,1,23532,93,0,0,0,1,0,0,3,0,0,1,0,0
160,710,CHN,Assam,722,722,722,2105,2105,2105,1962,10,20,1962,11,22,-999,-999,-999,-999,-999,-999,34,500,1,1,4,672950,3286,0,0,0,0,1,0,3,0,0,1,0,0
160,750,IND,Assam,1383,1383,1383,2105,2105,2105,1962,10,20,1962,11,22,-999,-999,-999,-999,-999,-999,34,1353,2,0,1,452378,506,0,0,0,0,1,0,3,0,0,1,0,0
163,900,AUL,Vietnamese,469,469,469,1927975,1927975,1927975,1965,2,7,1972,12,20,-999,-999,-999,-999,-999,-999,2874,494,2,0,1,11390,69,0,0,0,0,1,0,3,0,0,1,0,1
163,840,PHI,Vietnamese,1000,1000,1000,1927975,1927975,1927975,1966,10,1,1973,1,28,-999,-999,-999,-999,-999,-999,2312,1000,2,0,1,32727,54,0,0,0,0,1,0,3,0,0,1,0,1
163,2,USA,Vietnamese,45783,45783,45783,1927975,1927975,1927975,1965,2,7,1973,1,27,-999,-999,-999,-999,-999,-999,2912,58153,2,1,4,194240,2463,0,0,0,0,1,0,3,0,0,1,0,1
163,800,THI,Vietnamese,351,351,351,1927975,1927975,1927975,1967,10,1,1973,1,28,-999,-999,-999,-999,-999,-999,1947,351,2,0,1,32996,151,0,0,0,0,1,0,3,0,0,1,0,1
163,816,DRV,Vietnamese,1131558,1131558,1131558,1927975,1927975,1927975,1965,2,7,1975,4,30,-999,-999,-999,-999,-999,-999,3735,700000,1,0,1,19000,256,0,0,0,0,1,0,3,0,0,1,0,1
163,732,ROK,Vietnamese,4407,4407,4407,1927975,1927975,1927975,1965,5,1,1973,1,28,-999,-999,-999,-999,-999,-999,2830,4687,2,0,1,28705,604,0,0,0,0,1,0,3,0,0,1,0,1
163,817,RVN,Vietnamese,744407,744407,744407,1927975,1927975,1927975,1965,2,7,1975,4,30,-999,-999,-999,-999,-999,-999,3735,254257,2,0,1,16120,565,0,0,0,0,1,0,3,0,0,1,0,1
166,750,IND,Second Kashmir,2500,3500,3000,5000,7000,6000,1965,8,5,1965,9,23,-999,-999,-999,-999,-999,-999,50,3261,2,1,1,482706,1000,0,0,0,0,1,0,3,0,0,0,0,0
166,770,PAK,Second Kashmir,2500,3500,3000,5000,7000,6000,1965,8,5,1965,9,23,-999,-999,-999,-999,-999,-999,50,3800,1,0,1,113930,253,0,0,0,0,1,0,3,0,0,0,0,0
169,666,ISR,Six Day,983,983,983,5413,5413,5413,1967,6,5,1967,6,10,-999,-999,-999,-999,-999,-999,6,1000,1,1,1,2675,71,0,0,0,1,0,0,3,0,0,0,0,1
169,651,EGY,Six Day,3000,3000,3000,5413,5413,5413,1967,6,5,1967,6,10,-999,-999,-999,-999,-999,-999,6,10000,2,0,1,30907,270,0,0,0,1,0,0,3,0,0,0,0,1
169,652,SYR,Six Day,600,600,600,5413,5413,5413,1967,6,5,1967,6,10,-999,-999,-999,-999,-999,-999,6,2500,2,0,1,5681,68,0,0,0,1,0,0,3,0,0,0,0,1
169,663,JOR,Six Day,696,696,696,5413,5413,5413,1967,6,5,1967,6,10,-999,-999,-999,-999,-999,-999,6,6100,2,0,1,2038,50,0,0,0,1,0,0,3,0,0,0,0,1
172,651,EGY,Israeli-Egyptian,5000,5000,5000,5260,5260,5260,1969,3,6,1970,8,7,-999,-999,-999,-999,-999,-999,520,5000,4,1,1,32501,300,0,0,0,1,0,0,3,0,0,0,0,1
172,666,ISR,Israeli-Egyptian,260,260,260,5260,5260,5260,1969,3,6,1970,8,7,-999,-999,-999,-999,-999,-999,520,368,3,0,1,2907,85,0,0,0,1,0,0,3,0,0,0,0,1
175,91,HON,Football,700,107,107,1900,2107,2107,1969,7,14,1969,7,18,-999,-999,-999,-999,-999,-999,5,1200,2,0,1,2638,5,1,0,0,0,0,0,3,0,0,0,0,1
175,92,SAL,Football,1200,2000,2000,1900,2107,2107,1969,7,14,1969,7,18,-999,-999,-999,-999,-999,-999,5,700,1,1,1,3390,6,1,0,0,0,0,0,3,0,0,0,0,1
178,750,IND,Bangladesh,3241,3241,3241,11223,11223,11223,1971,12,3,1971,12,17,-999,-999,-999,-999,-999,-999,15,8000,1,1,1,551231,980,0,0,0,0,1,0,3,0,0,0,0,1
178,770,PAK,Bangladesh,7982,7982,7982,11223,11223,11223,1971,12,3,1971,12,17,-999,-999,-999,-999,-999,-999,15,3000,2,0,1,61880,390,0,0,0,0,1,0,3,0,0,0,0,1
181,652,SYR,Yom Kippur,3100,3100,3100,11084,11084,11084,1973,10,6,1973,10,24,-999,-999,-999,-999,-999,-999,19,8000,2,1,1,6895,115,0,0,0,1,0,0,3,0,0,0,0,1
181,651,EGY,Yom Kippur,5000,5000,5000,11084,11084,11084,1973,10,6,1973,10,24,-999,-999,-999,-999,-999,-999,19,5000,2,1,1,35619,300,0,0,0,1,0,0,3,0,0,0,0,1
181,645,IRQ,Yom Kippur,278,278,278,11084,11084,11084,1973,10,6,1973,10,24,-999,-999,-999,-999,-999,-999,19,278,2,0,1,10413,110,0,0,0,1,0,0,3,0,0,0,0,1
181,663,JOR,Yom Kippur,28,28,28,11084,11084,11084,1973,10,10,1973,10,24,-999,-999,-999,-999,-999,-999,15,23,2,0,1,2537,73,0,0,0,1,0,0,3,0,0,0,0,1
181,666,ISR,Yom Kippur,2222,2222,2222,11084,11084,11084,1973,10,6,1973,10,24,-999,-999,-999,-999,-999,-999,19,3000,1,0,1,3278,120,0,0,0,1,0,0,3,0,0,0,0,1
184,352,CYP,Turco-Cypriot,-999,5500,5500,5000,5800,5800,1974,7,20,1974,7,29,1974,8,14,1974,8,16,13,500,2,0,1,633,11,0,1,0,0,0,0,3,0,0,0,0,1
184,640,TUR,Turco-Cypriot,-999,300,300,5000,5800,5800,1974,7,20,1974,7,29,1974,8,14,1974,8,16,13,1000,1,1,1,39066,450,0,1,0,0,0,0,3,0,0,0,0,1
187,811,CAM,Vietnamese-Cambodian,830,830,830,2490,2490,2490,1975,5,1,1979,1,7,-999,-999,-999,-999,-999,-999,1348,5000,2,0,1,7098,80,0,0,0,0,1,0,3,0,0,0,0,3
187,816,DRV,Vietnamese-Cambodian,1660,1660,1660,2490,2490,2490,1975,5,1,1979,1,7,-999,-999,-999,-999,-999,-999,1348,3000,1,1,1,47607,700,0,0,0,0,1,0,3,0,0,0,0,3
189,40,CUB,Ethiopian-Somalian,700,700,700,6000,6000,6000,1977,8,1,1978,3,14,-999,-999,-999,-999,-999,-999,226,700,1,0,1,9547,190,0,0,1,0,0,0,3,0,0,0,0,2
189,520,SOM,Ethiopian-Somalian,3500,3500,3500,6000,6000,6000,1977,8,1,1978,3,14,-999,-999,-999,-999,-999,-999,226,3500,2,1,1,3653,32,0,0,1,0,0,0,3,0,0,0,0,2
189,530,ETH,Ethiopian-Somalian,1800,1800,1800,6000,6000,6000,1977,8,1,1978,3,14,-999,-999,-999,-999,-999,-999,226,1800,1,0,1,28981,54,0,0,1,0,0,0,3,0,0,0,0,2
190,500,UGA,Ugandan-Tanzanian,1650,1650,1650,3847,3847,3847,1978,10,30,1979,4,12,-999,-999,-999,-999,-999,-999,165,1500,2,1,1,12780,21,0,0,1,0,0,0,3,0,0,0,0,1
190,510,TAZ,Ugandan-Tanzanian,1597,1597,1597,3847,3847,3847,1978,10,30,1979,4,12,-999,-999,-999,-999,-999,-999,165,1000,1,0,1,16553,27,0,0,1,0,0,0,3,0,0,0,0,1
190,620,LIB,Ugandan-Tanzanian,600,600,600,3847,3847,3847,1978,10,30,1979,4,12,-999,-999,-999,-999,-999,-999,165,500,2,0,1,2748,37,0,0,1,0,0,0,3,0,0,0,0,1
193,710,CHN,Sino-Vietnamese,-999,-999,26000,30000,55000,45000,1979,2,17,1979,3,10,-999,-999,-999,-999,-999,-999,22,13000,1,1,4,975420,4500,0,0,0,0,1,0,3,0,0,1,0,1
193,816,DRV,Sino-Vietnamese,-999,-999,19000,30000,55000,45000,1979,2,17,1979,3,10,-999,-999,-999,-999,-999,-999,22,8000,2,0,1,52526,1020,0,0,0,0,1,0,3,0,0,1,0,1
199,630,IRN,Iran-Iraq,240000,480000,390200,400000,800000,644500,1980,9,22,1988,8,20,-999,-999,-999,-999,-999,-999,2890,750000,3,0,1,38345,240,0,0,0,1,0,0,3,0,0,0,0,1
199,645,IRQ,Iran-Iraq,160000,320000,254300,400000,800000,644500,1980,9,22,1988,8,20,-999,-999,-999,-999,-999,-999,2890,500000,4,1,1,13238,242,0,0,0,1,0,0,3,0,0,0,0,1
202,160,ARG,Falklands,746,746,746,964,964,964,1982,3,25,1982,6,20,-999,-999,-999,-999,-999,-999,88,655,2,1,1,29158,153,1,0,0,0,0,0,3,0,0,1,0,2
202,200,UKG,Falklands,218,218,218,964,964,964,1982,3,25,1982,6,20,-999,-999,-999,-999,-999,-999,88,255,1,0,4,56335,328,1,0,0,0,0,0,3,0,0,1,0,2
205,652,SYR,Israel-Syria (Lebanon),235,235,235,1235,1235,1235,1982,4,21,1982,9,5,-999,-999,-999,-999,-999,-999,138,1000,4,0,1,9298,222,0,0,0,1,0,0,3,0,0,0,0,2
205,666,ISR,Israel-Syria (Lebanon),1000,1000,1000,1235,1235,1235,1982,4,21,1982,9,5,-999,-999,-999,-999,-999,-999,138,235,3,1,1,4027,174,0,0,0,1,0,0,3,0,0,0,0,2
208,816,DRV,Sino-Vietnamese,200,1800,1350,450,4000,3000,1987,1,5,1987,2,6,-999,-999,-999,-999,-999,-999,33,2200,4,0,1,59567,1027,0,0,0,0,1,0,3,0,0,1,0,2
208,710,CHN,Sino-Vietnamese,250,2200,1650,450,4000,3000,1987,1,5,1987,2,6,-999,-999,-999,-999,-999,-999,33,1800,3,1,4,1045320,4240,0,0,0,0,1,0,3,0,0,1,0,2
211,645,IRQ,Gulf War,28200,43326,28326,28945,44271,29171,1990,8,2,1991,4,11,-999,-999,-999,-999,-999,-999,253,25000,2,1,1,19581,383,0,0,0,1,0,0,3,0,0,1,0,3
211,698,OMA,Gulf War,0,0,0,28945,44271,29171,1991,1,16,1991,4,11,-999,-999,-999,-999,-999,-999,86,0,1,0,1,1559,35,0,0,0,1,0,0,3,0,0,1,0,3
211,696,UAE,Gulf War,6,6,6,28945,44271,29171,1991,1,16,1991,4,11,-999,-999,-999,-999,-999,-999,86,6,1,0,1,1629,54,0,0,0,1,0,0,3,0,0,1,0,3
211,694,QAT,Gulf War,0,0,0,28945,44271,29171,1991,1,16,1991,4,11,-999,-999,-999,-999,-999,-999,86,0,1,0,1,381,7,0,0,0,1,0,0,3,0,0,1,0,3
211,690,KUW,Gulf War,500,700,600,28945,44271,29171,1990,8,2,1991,4,11,-999,-999,-999,-999,-999,-999,253,1000,1,0,1,2101,8,0,0,0,1,0,0,3,0,0,1,0,3
211,670,SAU,Gulf War,29,29,29,28945,44271,29171,1991,1,16,1991,4,11,-999,-999,-999,-999,-999,-999,86,33,1,0,1,14691,104,0,0,0,1,0,0,3,0,0,1,0,3
211,651,EGY,Gulf War,10,10,10,28945,44271,29171,1991,1,16,1991,4,11,-999,-999,-999,-999,-999,-999,86,10,1,0,1,53920,420,0,0,0,1,0,0,3,0,0,1,0,3
211,600,MOR,Gulf War,0,0,0,28945,44271,29171,1991,1,16,1991,4,11,-999,-999,-999,-999,-999,-999,86,0,1,0,1,25698,196,0,0,0,1,0,0,3,0,0,1,0,3
211,325,ITA,Gulf War,0,0,0,28945,44271,29171,1991,1,16,1991,4,11,-999,-999,-999,-999,-999,-999,86,0,1,0,1,57052,361,0,0,0,1,0,0,3,0,0,1,0,3
211,220,FRN,Gulf War,2,2,2,28945,44271,29171,1991,1,16,1991,4,11,-999,-999,-999,-999,-999,-999,86,2,1,0,4,57049,453,0,0,0,1,0,0,3,0,0,1,0,3
211,200,UKG,Gulf War,24,24,24,28945,44271,29171,1991,1,16,1991,4,11,-999,-999,-999,-999,-999,-999,86,24,1,0,4,57367,293,0,0,0,1,0,0,3,0,0,1,0,3
211,20,CAN,Gulf War,0,0,0,28945,44271,29171,1991,1,16,1991,4,11,-999,-999,-999,-999,-999,-999,86,0,1,0,1,26992,84,0,0,0,1,0,0,3,0,0,1,0,3
211,2,USA,Gulf War,146,146,146,28945,44271,29171,1991,1,16,1991,4,11,-999,-999,-999,-999,-999,-999,86,268,1,0,4,252688,1913,0,0,0,1,0,0,3,0,0,1,0,3
211,652,SYR,Gulf War,5,5,5,28945,44271,29171,1991,1,16,1991,4,11,-999,-999,-999,-999,-999,-999,86,0,1,0,1,12993,408,0,0,0,1,0,0,3,0,0,1,0,3
